,Date,Intensity
0,(05-29) 19:58:01,94.24871826171875
1,(05-29) 19:58:02,94.24871826171875
2,(05-29) 19:58:03,94.24871826171875
3,(05-29) 19:58:04,94.24871826171875
4,(05-29) 19:58:05,94.24871826171875
5,(05-29) 19:58:06,94.24871826171875
6,(05-29) 19:58:07,94.24871826171875
7,(05-29) 19:58:09,92.2232551574707
8,(05-29) 19:58:13,92.2232551574707
9,(05-29) 19:58:17,92.2232551574707
10,(05-29) 19:58:21,92.2232551574707
11,(05-29) 19:58:25,92.2232551574707
12,(05-29) 19:58:35,92.2232551574707
13,(05-29) 19:58:36,92.2232551574707
14,(05-29) 19:58:37,92.2232551574707
15,(05-29) 19:58:41,92.2232551574707
16,(05-29) 19:58:45,92.2232551574707
17,(05-29) 19:58:49,92.2232551574707
18,(05-29) 19:58:53,92.2232551574707
19,(05-29) 19:58:57,92.2232551574707
20,(05-29) 19:59:01,92.2232551574707
21,(05-29) 19:59:05,92.2232551574707
22,(05-29) 19:59:09,92.07609558105469
23,(05-29) 19:59:13,92.07609558105469
24,(05-29) 19:59:17,92.07609558105469
25,(05-29) 19:59:21,92.07609558105469
26,(05-29) 19:59:25,92.07609558105469
27,(05-29) 19:59:29,92.07609558105469
28,(05-29) 19:59:33,92.07609558105469
29,(05-29) 19:59:37,92.07609558105469
30,(05-29) 19:59:41,92.07609558105469
31,(05-29) 19:59:46,92.07609558105469
32,(05-29) 19:59:50,92.07609558105469
33,(05-29) 19:59:54,92.07609558105469
34,(05-29) 19:59:58,92.07609558105469
35,(05-29) 20:00:02,92.07609558105469
36,(05-29) 20:00:06,92.07609558105469
37,(05-29) 20:00:10,92.07609558105469
38,(05-29) 20:00:14,94.03615951538086
39,(05-29) 20:00:18,94.03615951538086
40,(05-29) 20:00:22,94.03615951538086
41,(05-29) 20:00:26,94.03615951538086
42,(05-29) 20:00:30,94.03615951538086
43,(05-29) 20:00:34,94.03615951538086
44,(05-29) 20:00:38,94.03615951538086
45,(05-29) 20:00:42,94.03615951538086
46,(05-29) 20:00:46,94.03615951538086
47,(05-29) 20:00:50,94.03615951538086
48,(05-29) 20:00:54,94.03615951538086
49,(05-29) 20:00:58,94.03615951538086
50,(05-29) 20:01:02,94.03615951538086
51,(05-29) 20:01:06,94.03615951538086
52,(05-29) 20:01:10,92.51809310913086
53,(05-29) 20:01:14,92.51809310913086
54,(05-29) 20:01:18,92.51809310913086
55,(05-29) 20:01:22,92.51809310913086
56,(05-29) 20:01:26,92.51809310913086
57,(05-29) 20:01:30,92.51809310913086
58,(05-29) 20:01:34,92.51809310913086
59,(05-29) 20:01:38,92.51809310913086
60,(05-29) 20:01:42,92.51809310913086
61,(05-29) 20:01:46,92.51809310913086
62,(05-29) 20:01:50,92.51809310913086
63,(05-29) 20:01:54,92.51809310913086
64,(05-29) 20:01:57,92.51809310913086
65,(05-29) 20:02:02,92.51809310913086
66,(05-29) 20:02:06,92.51809310913086
67,(05-29) 20:02:09,93.0430285135905
68,(05-29) 20:02:13,93.0430285135905
69,(05-29) 20:02:17,93.0430285135905
70,(05-29) 20:02:21,93.0430285135905
71,(05-29) 20:02:25,93.0430285135905
72,(05-29) 20:02:29,93.0430285135905
73,(05-29) 20:02:33,93.0430285135905
74,(05-29) 20:02:37,93.0430285135905
75,(05-29) 20:02:41,93.0430285135905
76,(05-29) 20:02:45,93.0430285135905
77,(05-29) 20:02:50,93.0430285135905
78,(05-29) 20:02:53,93.0430285135905
79,(05-29) 20:02:57,93.0430285135905
80,(05-29) 20:03:01,93.0430285135905
81,(05-29) 20:03:06,93.0430285135905
82,(05-29) 20:03:10,91.4119758605957
83,(05-29) 20:03:14,91.4119758605957
84,(05-29) 20:03:18,91.4119758605957
85,(05-29) 20:03:22,91.4119758605957
86,(05-29) 20:03:26,91.4119758605957
87,(05-29) 20:03:30,91.4119758605957
88,(05-29) 20:03:34,91.4119758605957
89,(05-29) 20:03:38,91.4119758605957
90,(05-29) 20:03:42,91.4119758605957
91,(05-29) 20:03:46,91.4119758605957
92,(05-29) 20:03:50,91.4119758605957
93,(05-29) 20:03:54,91.4119758605957
94,(05-29) 20:03:58,91.4119758605957
95,(05-29) 20:04:02,91.4119758605957
96,(05-29) 20:04:06,91.4119758605957
97,(05-29) 20:04:10,91.3380839029948
98,(05-29) 20:04:14,91.3380839029948
99,(05-29) 20:04:18,91.3380839029948
100,(05-29) 20:04:22,91.3380839029948
101,(05-29) 20:04:26,91.3380839029948
102,(05-29) 20:04:30,91.3380839029948
103,(05-29) 20:04:34,91.3380839029948
104,(05-29) 20:04:38,91.3380839029948
105,(05-29) 20:04:42,91.3380839029948
106,(05-29) 20:04:46,91.3380839029948
107,(05-29) 20:04:50,91.3380839029948
108,(05-29) 20:04:54,91.3380839029948
109,(05-29) 20:04:58,91.3380839029948
110,(05-29) 20:05:02,91.3380839029948
111,(05-29) 20:05:06,91.3380839029948
112,(05-29) 20:05:10,93.84603627522786
113,(05-29) 20:05:14,93.84603627522786
114,(05-29) 20:05:18,93.84603627522786
115,(05-29) 20:05:22,93.84603627522786
116,(05-29) 20:05:26,93.84603627522786
117,(05-29) 20:05:30,93.84603627522786
118,(05-29) 20:05:34,93.84603627522786
119,(05-29) 20:05:38,93.84603627522786
120,(05-29) 20:05:42,93.84603627522786
121,(05-29) 20:05:45,93.84603627522786
122,(05-29) 20:05:49,93.84603627522786
123,(05-29) 20:05:53,93.84603627522786
124,(05-29) 20:05:57,93.84603627522786
125,(05-29) 20:06:01,93.84603627522786
126,(05-29) 20:06:05,93.84603627522786
127,(05-29) 20:06:09,91.94052251180013
128,(05-29) 20:06:13,91.94052251180013
129,(05-29) 20:06:17,91.94052251180013
130,(05-29) 20:06:21,91.94052251180013
131,(05-29) 20:06:26,91.94052251180013
132,(05-29) 20:06:30,91.94052251180013
133,(05-29) 20:06:34,91.94052251180013
134,(05-29) 20:06:38,91.94052251180013
135,(05-29) 20:06:42,91.94052251180013
136,(05-29) 20:06:46,91.94052251180013
137,(05-29) 20:06:50,91.94052251180013
138,(05-29) 20:06:54,91.94052251180013
139,(05-29) 20:06:58,91.94052251180013
140,(05-29) 20:07:02,91.94052251180013
141,(05-29) 20:07:06,91.94052251180013
142,(05-29) 20:07:10,91.83012517293294
143,(05-29) 20:07:14,91.83012517293294
144,(05-29) 20:07:18,91.83012517293294
145,(05-29) 20:07:22,91.83012517293294
146,(05-29) 20:07:26,91.83012517293294
147,(05-29) 20:07:30,91.83012517293294
148,(05-29) 20:07:34,91.83012517293294
149,(05-29) 20:07:38,91.83012517293294
150,(05-29) 20:07:42,91.83012517293294
151,(05-29) 20:07:46,91.83012517293294
152,(05-29) 20:07:50,91.83012517293294
153,(05-29) 20:07:54,91.83012517293294
154,(05-29) 20:07:58,91.83012517293294
155,(05-29) 20:08:02,91.83012517293294
156,(05-29) 20:08:06,91.83012517293294
157,(05-29) 20:08:10,89.82741292317708
158,(05-29) 20:08:14,89.82741292317708
159,(05-29) 20:08:18,89.82741292317708
160,(05-29) 20:08:22,89.82741292317708
161,(05-29) 20:08:26,89.82741292317708
162,(05-29) 20:08:30,89.82741292317708
163,(05-29) 20:08:35,89.82741292317708
164,(05-29) 20:08:38,89.82741292317708
165,(05-29) 20:08:42,89.82741292317708
166,(05-29) 20:08:45,89.82741292317708
167,(05-29) 20:08:49,89.82741292317708
168,(05-29) 20:08:53,89.82741292317708
169,(05-29) 20:08:57,89.82741292317708
170,(05-29) 20:09:01,89.82741292317708
171,(05-29) 20:09:05,89.82741292317708
172,(05-29) 20:09:09,90.83741633097331
173,(05-29) 20:09:13,90.83741633097331
174,(05-29) 20:09:17,90.83741633097331
175,(05-29) 20:09:21,90.83741633097331
176,(05-29) 20:09:25,90.83741633097331
177,(05-29) 20:09:29,90.83741633097331
178,(05-29) 20:09:34,90.83741633097331
179,(05-29) 20:09:38,90.83741633097331
180,(05-29) 20:09:42,90.83741633097331
181,(05-29) 20:09:46,90.83741633097331
182,(05-29) 20:09:50,90.83741633097331
183,(05-29) 20:09:54,90.83741633097331
184,(05-29) 20:09:58,90.83741633097331
185,(05-29) 20:10:02,90.83741633097331
186,(05-29) 20:10:06,90.83741633097331
187,(05-29) 20:10:10,90.24925740559895
188,(05-29) 20:10:14,90.24925740559895
189,(05-29) 20:10:18,90.24925740559895
190,(05-29) 20:10:22,90.24925740559895
191,(05-29) 20:10:26,90.24925740559895
192,(05-29) 20:10:30,90.24925740559895
193,(05-29) 20:10:34,90.24925740559895
194,(05-29) 20:10:38,90.24925740559895
195,(05-29) 20:10:42,90.24925740559895
196,(05-29) 20:10:46,90.24925740559895
197,(05-29) 20:10:50,90.24925740559895
198,(05-29) 20:10:54,90.24925740559895
199,(05-29) 20:10:58,90.24925740559895
200,(05-29) 20:11:02,90.24925740559895
201,(05-29) 20:11:06,90.24925740559895
202,(05-29) 20:11:10,91.27568817138672
203,(05-29) 20:11:14,91.27568817138672
204,(05-29) 20:11:18,91.27568817138672
205,(05-29) 20:11:22,91.27568817138672
206,(05-29) 20:11:26,91.27568817138672
207,(05-29) 20:11:30,91.27568817138672
208,(05-29) 20:11:34,91.27568817138672
209,(05-29) 20:11:38,91.27568817138672
210,(05-29) 20:11:42,91.27568817138672
211,(05-29) 20:11:46,91.27568817138672
212,(05-29) 20:11:50,91.27568817138672
213,(05-29) 20:11:54,91.27568817138672
214,(05-29) 20:11:58,91.27568817138672
215,(05-29) 20:12:02,91.27568817138672
216,(05-29) 20:12:06,91.27568817138672
217,(05-29) 20:12:10,89.37986246744792
218,(05-29) 20:12:14,89.37986246744792
219,(05-29) 20:12:18,89.37986246744792
220,(05-29) 20:12:22,89.37986246744792
221,(05-29) 20:12:26,89.37986246744792
222,(05-29) 20:12:30,89.37986246744792
223,(05-29) 20:12:35,89.37986246744792
224,(05-29) 20:12:37,89.37986246744792
225,(05-29) 20:12:41,89.37986246744792
226,(05-29) 20:12:46,89.37986246744792
227,(05-29) 20:12:49,89.37986246744792
228,(05-29) 20:12:54,89.37986246744792
229,(05-29) 20:12:58,89.37986246744792
230,(05-29) 20:13:02,89.37986246744792
231,(05-29) 20:13:06,89.37986246744792
232,(05-29) 20:13:10,90.99168904622395
233,(05-29) 20:13:14,90.99168904622395
234,(05-29) 20:13:18,90.99168904622395
235,(05-29) 20:13:22,90.99168904622395
236,(05-29) 20:13:26,90.99168904622395
237,(05-29) 20:13:30,90.99168904622395
238,(05-29) 20:13:34,90.99168904622395
239,(05-29) 20:13:38,90.99168904622395
240,(05-29) 20:13:42,90.99168904622395
241,(05-29) 20:13:46,90.99168904622395
242,(05-29) 20:13:50,90.99168904622395
243,(05-29) 20:13:54,90.99168904622395
244,(05-29) 20:13:58,90.99168904622395
245,(05-29) 20:14:02,90.99168904622395
246,(05-29) 20:14:06,90.99168904622395
247,(05-29) 20:14:10,89.09318033854167
248,(05-29) 20:14:14,89.09318033854167
249,(05-29) 20:14:18,89.09318033854167
250,(05-29) 20:14:22,89.09318033854167
251,(05-29) 20:14:26,89.09318033854167
252,(05-29) 20:14:30,89.09318033854167
253,(05-29) 20:14:34,89.09318033854167
254,(05-29) 20:14:40,89.09318033854167
255,(05-29) 20:14:42,89.09318033854167
256,(05-29) 20:14:46,89.09318033854167
257,(05-29) 20:14:50,89.09318033854167
258,(05-29) 20:14:54,89.09318033854167
259,(05-29) 20:14:58,89.09318033854167
260,(05-29) 20:15:03,89.09318033854167
261,(05-29) 20:15:07,89.09318033854167
262,(05-29) 20:15:10,89.09318033854167
263,(05-29) 20:15:14,91.01781336466472
264,(05-29) 20:15:18,91.01781336466472
265,(05-29) 20:15:22,91.01781336466472
266,(05-29) 20:15:26,91.01781336466472
267,(05-29) 20:15:30,91.01781336466472
268,(05-29) 20:15:34,91.01781336466472
269,(05-29) 20:15:38,91.01781336466472
270,(05-29) 20:15:42,91.01781336466472
271,(05-29) 20:15:46,91.01781336466472
272,(05-29) 20:15:50,91.01781336466472
273,(05-29) 20:15:54,91.01781336466472
274,(05-29) 20:15:58,91.01781336466472
275,(05-29) 20:16:02,91.01781336466472
276,(05-29) 20:16:06,91.01781336466472
277,(05-29) 20:16:10,92.02301915486653
278,(05-29) 20:16:14,92.02301915486653
279,(05-29) 20:16:18,92.02301915486653
280,(05-29) 20:16:22,92.02301915486653
281,(05-29) 20:16:26,92.02301915486653
282,(05-29) 20:16:30,92.02301915486653
283,(05-29) 20:16:34,92.02301915486653
284,(05-29) 20:16:40,92.02301915486653
285,(05-29) 20:16:42,92.02301915486653
286,(05-29) 20:16:46,92.02301915486653
287,(05-29) 20:16:50,92.02301915486653
288,(05-29) 20:16:54,92.02301915486653
289,(05-29) 20:16:58,92.02301915486653
290,(05-29) 20:17:02,92.02301915486653
291,(05-29) 20:17:06,92.02301915486653
292,(05-29) 20:17:10,91.39624150594075
293,(05-29) 20:17:14,91.39624150594075
294,(05-29) 20:17:18,91.39624150594075
295,(05-29) 20:17:23,91.39624150594075
296,(05-29) 20:17:26,91.39624150594075
297,(05-29) 20:17:30,91.39624150594075
298,(05-29) 20:17:34,91.39624150594075
299,(05-29) 20:17:39,91.39624150594075
300,(05-29) 20:17:42,91.39624150594075
301,(05-29) 20:17:47,91.39624150594075
302,(05-29) 20:17:50,91.39624150594075
303,(05-29) 20:17:54,91.39624150594075
304,(05-29) 20:17:58,91.39624150594075
305,(05-29) 20:18:02,91.39624150594075
306,(05-29) 20:18:06,91.39624150594075
307,(05-29) 20:18:10,91.84205627441406
308,(05-29) 20:18:14,91.84205627441406
309,(05-29) 20:18:18,91.84205627441406
310,(05-29) 20:18:22,91.84205627441406
311,(05-29) 20:18:26,91.84205627441406
312,(05-29) 20:18:30,91.84205627441406
313,(05-29) 20:18:34,91.84205627441406
314,(05-29) 20:18:38,91.84205627441406
315,(05-29) 20:18:42,91.84205627441406
316,(05-29) 20:18:46,91.84205627441406
317,(05-29) 20:18:50,91.84205627441406
318,(05-29) 20:18:54,91.84205627441406
319,(05-29) 20:18:58,91.84205627441406
320,(05-29) 20:19:02,91.84205627441406
321,(05-29) 20:19:06,91.84205627441406
322,(05-29) 20:19:10,91.93998591105144
323,(05-29) 20:19:14,91.93998591105144
324,(05-29) 20:19:18,91.93998591105144
325,(05-29) 20:19:22,91.93998591105144
326,(05-29) 20:19:26,91.93998591105144
327,(05-29) 20:19:30,91.93998591105144
328,(05-29) 20:19:34,91.93998591105144
329,(05-29) 20:19:38,91.93998591105144
330,(05-29) 20:19:42,91.93998591105144
331,(05-29) 20:19:46,91.93998591105144
332,(05-29) 20:19:50,91.93998591105144
333,(05-29) 20:19:54,91.93998591105144
334,(05-29) 20:19:58,91.93998591105144
335,(05-29) 20:20:02,91.93998591105144
336,(05-29) 20:20:06,91.93998591105144
337,(05-29) 20:20:10,91.93998591105144
338,(05-29) 20:20:14,93.70745595296223
339,(05-29) 20:20:18,93.70745595296223
340,(05-29) 20:20:22,93.70745595296223
341,(05-29) 20:20:26,93.70745595296223
342,(05-29) 20:20:30,93.70745595296223
343,(05-29) 20:20:35,93.70745595296223
344,(05-29) 20:20:39,93.70745595296223
345,(05-29) 20:20:43,93.70745595296223
346,(05-29) 20:20:47,93.70745595296223
347,(05-29) 20:20:51,93.70745595296223
348,(05-29) 20:20:55,93.70745595296223
349,(05-29) 20:20:58,93.70745595296223
350,(05-29) 20:21:02,93.70745595296223
351,(05-29) 20:21:06,93.70745595296223
352,(05-29) 20:21:10,93.18414052327473
353,(05-29) 20:21:14,93.18414052327473
354,(05-29) 20:21:18,93.18414052327473
355,(05-29) 20:21:22,93.18414052327473
356,(05-29) 20:21:26,93.18414052327473
357,(05-29) 20:21:30,93.18414052327473
358,(05-29) 20:21:34,93.18414052327473
359,(05-29) 20:21:38,93.18414052327473
360,(05-29) 20:21:42,93.18414052327473
361,(05-29) 20:21:46,93.18414052327473
362,(05-29) 20:21:50,93.18414052327473
363,(05-29) 20:21:54,93.18414052327473
364,(05-29) 20:21:58,93.18414052327473
365,(05-29) 20:22:02,93.18414052327473
366,(05-29) 20:22:06,93.18414052327473
367,(05-29) 20:22:10,95.3627535502116
368,(05-29) 20:22:14,95.3627535502116
369,(05-29) 20:22:18,95.3627535502116
370,(05-29) 20:22:22,95.3627535502116
371,(05-29) 20:22:26,95.3627535502116
372,(05-29) 20:22:30,95.3627535502116
373,(05-29) 20:22:35,95.3627535502116
374,(05-29) 20:22:38,95.3627535502116
375,(05-29) 20:22:42,95.3627535502116
376,(05-29) 20:22:46,95.3627535502116
377,(05-29) 20:22:50,95.3627535502116
378,(05-29) 20:22:54,95.3627535502116
379,(05-29) 20:22:58,95.3627535502116
380,(05-29) 20:23:02,95.3627535502116
381,(05-29) 20:23:06,95.3627535502116
382,(05-29) 20:23:10,93.80159505208333
383,(05-29) 20:23:14,93.80159505208333
384,(05-29) 20:23:18,93.80159505208333
385,(05-29) 20:23:22,93.80159505208333
386,(05-29) 20:23:26,93.80159505208333
387,(05-29) 20:23:30,93.80159505208333
388,(05-29) 20:23:35,93.80159505208333
389,(05-29) 20:23:38,93.80159505208333
390,(05-29) 20:23:42,93.80159505208333
391,(05-29) 20:23:47,93.80159505208333
392,(05-29) 20:23:51,93.80159505208333
393,(05-29) 20:23:55,93.80159505208333
394,(05-29) 20:23:59,93.80159505208333
395,(05-29) 20:24:03,93.80159505208333
396,(05-29) 20:24:07,93.80159505208333
397,(05-29) 20:24:11,96.3705546061198
398,(05-29) 20:24:15,96.3705546061198
399,(05-29) 20:24:19,96.3705546061198
400,(05-29) 20:24:23,96.3705546061198
401,(05-29) 20:24:27,96.3705546061198
402,(05-29) 20:24:31,96.3705546061198
403,(05-29) 20:24:35,96.3705546061198
404,(05-29) 20:24:38,96.3705546061198
405,(05-29) 20:24:42,96.3705546061198
406,(05-29) 20:24:46,96.3705546061198
407,(05-29) 20:24:50,96.3705546061198
408,(05-29) 20:24:54,96.3705546061198
409,(05-29) 20:24:58,96.3705546061198
410,(05-29) 20:25:02,96.3705546061198
411,(05-29) 20:25:06,96.3705546061198
412,(05-29) 20:25:10,94.3768679300944
413,(05-29) 20:25:14,94.3768679300944
414,(05-29) 20:25:18,94.3768679300944
415,(05-29) 20:25:22,94.3768679300944
416,(05-29) 20:25:26,94.3768679300944
417,(05-29) 20:25:30,94.3768679300944
418,(05-29) 20:25:34,94.3768679300944
419,(05-29) 20:25:38,94.3768679300944
420,(05-29) 20:25:42,94.3768679300944
421,(05-29) 20:25:46,94.3768679300944
422,(05-29) 20:25:50,94.3768679300944
423,(05-29) 20:25:54,94.3768679300944
424,(05-29) 20:25:58,94.3768679300944
425,(05-29) 20:26:02,94.3768679300944
426,(05-29) 20:26:06,94.3768679300944
427,(05-29) 20:26:10,95.932373046875
428,(05-29) 20:26:14,95.932373046875
429,(05-29) 20:26:18,95.932373046875
430,(05-29) 20:26:22,95.932373046875
431,(05-29) 20:26:26,95.932373046875
432,(05-29) 20:26:30,95.932373046875
433,(05-29) 20:26:35,95.932373046875
434,(05-29) 20:26:38,95.932373046875
435,(05-29) 20:26:42,95.932373046875
436,(05-29) 20:26:47,95.932373046875
437,(05-29) 20:26:51,95.932373046875
438,(05-29) 20:26:55,95.932373046875
439,(05-29) 20:26:59,95.932373046875
440,(05-29) 20:27:03,95.932373046875
441,(05-29) 20:27:07,95.932373046875
442,(05-29) 20:27:11,95.55190022786458
443,(05-29) 20:27:15,95.55190022786458
444,(05-29) 20:27:19,95.55190022786458
445,(05-29) 20:27:23,95.55190022786458
446,(05-29) 20:27:27,95.55190022786458
447,(05-29) 20:27:31,95.55190022786458
448,(05-29) 20:27:35,95.55190022786458
449,(05-29) 20:27:39,95.55190022786458
450,(05-29) 20:27:42,95.55190022786458
451,(05-29) 20:27:47,95.55190022786458
452,(05-29) 20:27:50,95.55190022786458
453,(05-29) 20:27:54,95.55190022786458
454,(05-29) 20:27:58,95.55190022786458
455,(05-29) 20:28:02,95.55190022786458
456,(05-29) 20:28:06,95.55190022786458
457,(05-29) 20:28:10,99.10624440511067
458,(05-29) 20:28:14,99.10624440511067
459,(05-29) 20:28:18,99.10624440511067
460,(05-29) 20:28:22,99.10624440511067
461,(05-29) 20:28:26,99.10624440511067
462,(05-29) 20:28:30,99.10624440511067
463,(05-29) 20:28:34,99.10624440511067
464,(05-29) 20:28:38,99.10624440511067
465,(05-29) 20:28:42,99.10624440511067
466,(05-29) 20:28:46,99.10624440511067
467,(05-29) 20:28:50,99.10624440511067
468,(05-29) 20:28:54,99.10624440511067
469,(05-29) 20:28:58,99.10624440511067
470,(05-29) 20:29:02,99.10624440511067
471,(05-29) 20:29:06,99.10624440511067
472,(05-29) 20:29:10,97.61575317382812
473,(05-29) 20:29:14,97.61575317382812
474,(05-29) 20:29:18,97.61575317382812
475,(05-29) 20:29:22,97.61575317382812
476,(05-29) 20:29:26,97.61575317382812
477,(05-29) 20:29:30,97.61575317382812
478,(05-29) 20:29:34,97.61575317382812
479,(05-29) 20:29:38,97.61575317382812
480,(05-29) 20:29:42,97.61575317382812
481,(05-29) 20:29:46,97.61575317382812
482,(05-29) 20:29:50,97.61575317382812
483,(05-29) 20:29:54,97.61575317382812
484,(05-29) 20:29:58,97.61575317382812
485,(05-29) 20:30:02,97.61575317382812
486,(05-29) 20:30:06,97.61575317382812
487,(05-29) 20:30:10,97.63572184244792
488,(05-29) 20:30:14,97.63572184244792
489,(05-29) 20:30:19,97.63572184244792
490,(05-29) 20:30:23,97.63572184244792
491,(05-29) 20:30:27,97.63572184244792
492,(05-29) 20:30:31,97.63572184244792
493,(05-29) 20:30:35,97.63572184244792
494,(05-29) 20:30:39,97.63572184244792
495,(05-29) 20:30:43,97.63572184244792
496,(05-29) 20:30:47,97.63572184244792
497,(05-29) 20:30:51,97.63572184244792
498,(05-29) 20:30:55,97.63572184244792
499,(05-29) 20:30:59,97.63572184244792
500,(05-29) 20:31:03,97.63572184244792
501,(05-29) 20:31:07,97.63572184244792
502,(05-29) 20:31:11,99.03606923421223
503,(05-29) 20:31:15,99.03606923421223
504,(05-29) 20:31:19,99.03606923421223
505,(05-29) 20:31:23,99.03606923421223
506,(05-29) 20:31:27,99.03606923421223
507,(05-29) 20:31:31,99.03606923421223
508,(05-29) 20:31:35,99.03606923421223
509,(05-29) 20:31:38,99.03606923421223
510,(05-29) 20:31:42,99.03606923421223
511,(05-29) 20:31:46,99.03606923421223
512,(05-29) 20:31:50,99.03606923421223
513,(05-29) 20:31:54,99.03606923421223
514,(05-29) 20:31:58,99.03606923421223
515,(05-29) 20:32:02,99.03606923421223
516,(05-29) 20:32:06,99.03606923421223
517,(05-29) 20:32:10,98.9445317586263
518,(05-29) 20:32:14,98.9445317586263
519,(05-29) 20:32:18,98.9445317586263
520,(05-29) 20:32:22,98.9445317586263
521,(05-29) 20:32:26,98.9445317586263
522,(05-29) 20:32:30,98.9445317586263
523,(05-29) 20:32:35,98.9445317586263
524,(05-29) 20:32:39,98.9445317586263
525,(05-29) 20:32:42,98.9445317586263
526,(05-29) 20:32:46,98.9445317586263
527,(05-29) 20:32:51,98.9445317586263
528,(05-29) 20:32:55,98.9445317586263
529,(05-29) 20:32:59,98.9445317586263
530,(05-29) 20:33:03,98.9445317586263
531,(05-29) 20:33:07,98.9445317586263
532,(05-29) 20:33:11,100.36767069498698
533,(05-29) 20:33:15,100.36767069498698
534,(05-29) 20:33:19,100.36767069498698
535,(05-29) 20:33:23,100.36767069498698
536,(05-29) 20:33:27,100.36767069498698
537,(05-29) 20:33:31,100.36767069498698
538,(05-29) 20:33:35,100.36767069498698
539,(05-29) 20:33:39,100.36767069498698
540,(05-29) 20:33:43,100.36767069498698
541,(05-29) 20:33:47,100.36767069498698
542,(05-29) 20:33:51,100.36767069498698
543,(05-29) 20:33:55,100.36767069498698
544,(05-29) 20:33:59,100.36767069498698
545,(05-29) 20:34:03,100.36767069498698
546,(05-29) 20:34:07,100.36767069498698
547,(05-29) 20:34:11,100.24547576904297
548,(05-29) 20:34:14,100.24547576904297
549,(05-29) 20:34:18,100.24547576904297
550,(05-29) 20:34:22,100.24547576904297
551,(05-29) 20:34:26,100.24547576904297
552,(05-29) 20:34:30,100.24547576904297
553,(05-29) 20:34:34,100.24547576904297
554,(05-29) 20:34:38,100.24547576904297
555,(05-29) 20:34:42,100.24547576904297
556,(05-29) 20:34:46,100.24547576904297
557,(05-29) 20:34:50,100.24547576904297
558,(05-29) 20:34:54,100.24547576904297
559,(05-29) 20:34:58,100.24547576904297
560,(05-29) 20:35:02,100.24547576904297
561,(05-29) 20:35:06,100.24547576904297
562,(05-29) 20:35:10,97.8989028930664
563,(05-29) 20:35:14,97.8989028930664
564,(05-29) 20:35:18,97.8989028930664
565,(05-29) 20:35:22,97.8989028930664
566,(05-29) 20:35:26,97.8989028930664
567,(05-29) 20:35:30,97.8989028930664
568,(05-29) 20:35:34,97.8989028930664
569,(05-29) 20:35:38,97.8989028930664
570,(05-29) 20:35:42,97.8989028930664
571,(05-29) 20:35:46,97.8989028930664
572,(05-29) 20:35:51,97.8989028930664
573,(05-29) 20:35:55,97.8989028930664
574,(05-29) 20:35:59,97.8989028930664
575,(05-29) 20:36:03,97.8989028930664
576,(05-29) 20:36:07,97.8989028930664
577,(05-29) 20:36:11,100.13551839192708
578,(05-29) 20:36:15,100.13551839192708
579,(05-29) 20:36:19,100.13551839192708
580,(05-29) 20:36:23,100.13551839192708
581,(05-29) 20:36:27,100.13551839192708
582,(05-29) 20:36:31,100.13551839192708
583,(05-29) 20:36:35,100.13551839192708
584,(05-29) 20:36:39,100.13551839192708
585,(05-29) 20:36:43,100.13551839192708
586,(05-29) 20:36:47,100.13551839192708
587,(05-29) 20:36:51,100.13551839192708
588,(05-29) 20:36:55,100.13551839192708
589,(05-29) 20:36:59,100.13551839192708
590,(05-29) 20:37:03,100.13551839192708
591,(05-29) 20:37:07,100.13551839192708
592,(05-29) 20:37:11,100.90778096516927
593,(05-29) 20:37:15,100.90778096516927
594,(05-29) 20:37:19,100.90778096516927
595,(05-29) 20:37:23,100.90778096516927
596,(05-29) 20:37:27,100.90778096516927
597,(05-29) 20:37:31,100.90778096516927
598,(05-29) 20:37:34,100.90778096516927
599,(05-29) 20:37:38,100.90778096516927
600,(05-29) 20:37:42,100.90778096516927
601,(05-29) 20:37:46,100.90778096516927
602,(05-29) 20:37:50,100.90778096516927
603,(05-29) 20:37:54,100.90778096516927
604,(05-29) 20:37:58,100.90778096516927
605,(05-29) 20:38:02,100.90778096516927
606,(05-29) 20:38:06,100.90778096516927
607,(05-29) 20:38:10,102.93136342366536
608,(05-29) 20:38:14,102.93136342366536
609,(05-29) 20:38:18,102.93136342366536
610,(05-29) 20:38:22,102.93136342366536
611,(05-29) 20:38:26,102.93136342366536
612,(05-29) 20:38:30,102.93136342366536
613,(05-29) 20:38:35,102.93136342366536
614,(05-29) 20:38:39,102.93136342366536
615,(05-29) 20:38:43,102.93136342366536
616,(05-29) 20:38:47,102.93136342366536
617,(05-29) 20:38:51,102.93136342366536
618,(05-29) 20:38:55,102.93136342366536
619,(05-29) 20:38:59,102.93136342366536
620,(05-29) 20:39:03,102.93136342366536
621,(05-29) 20:39:07,102.93136342366536
622,(05-29) 20:39:11,105.11398061116536
623,(05-29) 20:39:15,105.11398061116536
624,(05-29) 20:39:19,105.11398061116536
625,(05-29) 20:39:23,105.11398061116536
626,(05-29) 20:39:27,105.11398061116536
627,(05-29) 20:39:31,105.11398061116536
628,(05-29) 20:39:34,105.11398061116536
629,(05-29) 20:39:39,105.11398061116536
630,(05-29) 20:39:43,105.11398061116536
631,(05-29) 20:39:47,105.11398061116536
632,(05-29) 20:39:50,105.11398061116536
633,(05-29) 20:39:54,105.11398061116536
634,(05-29) 20:39:58,105.11398061116536
635,(05-29) 20:40:02,105.11398061116536
636,(05-29) 20:40:06,105.11398061116536
637,(05-29) 20:40:10,105.11398061116536
638,(05-29) 20:40:14,103.93258666992188
639,(05-29) 20:40:18,103.93258666992188
640,(05-29) 20:40:22,103.93258666992188
641,(05-29) 20:40:26,103.93258666992188
642,(05-29) 20:40:30,103.93258666992188
643,(05-29) 20:40:35,103.93258666992188
644,(05-29) 20:40:38,103.93258666992188
645,(05-29) 20:40:42,103.93258666992188
646,(05-29) 20:40:46,103.93258666992188
647,(05-29) 20:40:50,103.93258666992188
648,(05-29) 20:40:55,103.93258666992188
649,(05-29) 20:40:59,103.93258666992188
650,(05-29) 20:41:03,103.93258666992188
651,(05-29) 20:41:07,103.93258666992188
652,(05-29) 20:41:11,105.5046984354655
653,(05-29) 20:41:15,105.5046984354655
654,(05-29) 20:41:19,105.5046984354655
655,(05-29) 20:41:23,105.5046984354655
656,(05-29) 20:41:27,105.5046984354655
657,(05-29) 20:41:31,105.5046984354655
658,(05-29) 20:41:35,105.5046984354655
659,(05-29) 20:41:39,105.5046984354655
660,(05-29) 20:41:43,105.5046984354655
661,(05-29) 20:41:47,105.5046984354655
662,(05-29) 20:41:51,105.5046984354655
663,(05-29) 20:41:55,105.5046984354655
664,(05-29) 20:41:59,105.5046984354655
665,(05-29) 20:42:03,105.5046984354655
666,(05-29) 20:42:07,105.5046984354655
667,(05-29) 20:42:11,106.35764567057292
668,(05-29) 20:42:15,106.35764567057292
669,(05-29) 20:42:19,106.35764567057292
670,(05-29) 20:42:23,106.35764567057292
671,(05-29) 20:42:27,106.35764567057292
672,(05-29) 20:42:31,106.35764567057292
673,(05-29) 20:42:36,106.35764567057292
674,(05-29) 20:42:38,106.35764567057292
675,(05-29) 20:42:42,106.35764567057292
676,(05-29) 20:42:46,106.35764567057292
677,(05-29) 20:42:50,106.35764567057292
678,(05-29) 20:42:54,106.35764567057292
679,(05-29) 20:42:58,106.35764567057292
680,(05-29) 20:43:02,106.35764567057292
681,(05-29) 20:43:06,106.35764567057292
682,(05-29) 20:43:10,106.27434666951497
683,(05-29) 20:43:14,106.27434666951497
684,(05-29) 20:43:18,106.27434666951497
685,(05-29) 20:43:22,106.27434666951497
686,(05-29) 20:43:26,106.27434666951497
687,(05-29) 20:43:30,106.27434666951497
688,(05-29) 20:43:34,106.27434666951497
689,(05-29) 20:43:38,106.27434666951497
690,(05-29) 20:43:43,106.27434666951497
691,(05-29) 20:43:47,106.27434666951497
692,(05-29) 20:43:51,106.27434666951497
693,(05-29) 20:43:55,106.27434666951497
694,(05-29) 20:43:59,106.27434666951497
695,(05-29) 20:44:03,106.27434666951497
696,(05-29) 20:44:07,106.27434666951497
697,(05-29) 20:44:11,106.36343638102214
698,(05-29) 20:44:15,106.36343638102214
699,(05-29) 20:44:19,106.36343638102214
700,(05-29) 20:44:23,106.36343638102214
701,(05-29) 20:44:27,106.36343638102214
702,(05-29) 20:44:31,106.36343638102214
703,(05-29) 20:44:36,106.36343638102214
704,(05-29) 20:44:39,106.36343638102214
705,(05-29) 20:44:42,106.36343638102214
706,(05-29) 20:44:46,106.36343638102214
707,(05-29) 20:44:50,106.36343638102214
708,(05-29) 20:44:54,106.36343638102214
709,(05-29) 20:44:58,106.36343638102214
710,(05-29) 20:45:02,106.36343638102214
711,(05-29) 20:45:06,106.36343638102214
712,(05-29) 20:45:10,104.81712468465169
713,(05-29) 20:45:15,104.81712468465169
714,(05-29) 20:45:19,104.81712468465169
715,(05-29) 20:45:23,104.81712468465169
716,(05-29) 20:45:27,104.81712468465169
717,(05-29) 20:45:31,104.81712468465169
718,(05-29) 20:45:35,104.81712468465169
719,(05-29) 20:45:40,104.81712468465169
720,(05-29) 20:45:43,104.81712468465169
721,(05-29) 20:45:48,104.81712468465169
722,(05-29) 20:45:51,104.81712468465169
723,(05-29) 20:45:55,104.81712468465169
724,(05-29) 20:45:59,104.81712468465169
725,(05-29) 20:46:03,104.81712468465169
726,(05-29) 20:46:07,104.81712468465169
727,(05-29) 20:46:11,104.81712468465169
728,(05-29) 20:46:15,103.92203013102214
729,(05-29) 20:46:19,103.92203013102214
730,(05-29) 20:46:23,103.92203013102214
731,(05-29) 20:46:27,103.92203013102214
732,(05-29) 20:46:31,103.92203013102214
733,(05-29) 20:46:35,103.92203013102214
734,(05-29) 20:46:38,103.92203013102214
735,(05-29) 20:46:42,103.92203013102214
736,(05-29) 20:46:46,103.92203013102214
737,(05-29) 20:46:50,103.92203013102214
738,(05-29) 20:46:54,103.92203013102214
739,(05-29) 20:46:58,103.92203013102214
740,(05-29) 20:47:02,103.92203013102214
741,(05-29) 20:47:06,103.92203013102214
742,(05-29) 20:47:10,98.86690139770508
743,(05-29) 20:47:15,98.86690139770508
744,(05-29) 20:47:19,98.86690139770508
745,(05-29) 20:47:23,98.86690139770508
746,(05-29) 20:47:27,98.86690139770508
747,(05-29) 20:47:31,98.86690139770508
748,(05-29) 20:47:35,98.86690139770508
749,(05-29) 20:47:39,98.86690139770508
750,(05-29) 20:47:43,98.86690139770508
751,(05-29) 20:47:47,98.86690139770508
752,(05-29) 20:47:51,98.86690139770508
753,(05-29) 20:47:55,98.86690139770508
754,(05-29) 20:47:59,98.86690139770508
755,(05-29) 20:48:03,98.86690139770508
756,(05-29) 20:48:07,98.86690139770508
757,(05-29) 20:48:11,97.61432647705078
758,(05-29) 20:48:15,97.61432647705078
759,(05-29) 20:48:19,97.61432647705078
760,(05-29) 20:48:23,97.61432647705078
761,(05-29) 20:48:27,97.61432647705078
762,(05-29) 20:48:32,97.61432647705078
763,(05-29) 20:48:36,97.61432647705078
764,(05-29) 20:48:39,97.61432647705078
765,(05-29) 20:48:43,97.61432647705078
766,(05-29) 20:48:47,97.61432647705078
767,(05-29) 20:48:51,97.61432647705078
768,(05-29) 20:48:54,97.61432647705078
769,(05-29) 20:48:58,97.61432647705078
770,(05-29) 20:49:02,97.61432647705078
771,(05-29) 20:49:07,97.61432647705078
772,(05-29) 20:49:11,97.07199478149414
773,(05-29) 20:49:15,97.07199478149414
774,(05-29) 20:49:19,97.07199478149414
775,(05-29) 20:49:23,97.07199478149414
776,(05-29) 20:49:27,97.07199478149414
777,(05-29) 20:49:31,97.07199478149414
778,(05-29) 20:49:35,97.07199478149414
779,(05-29) 20:49:39,97.07199478149414
780,(05-29) 20:49:43,97.07199478149414
781,(05-29) 20:49:47,97.07199478149414
782,(05-29) 20:49:51,97.07199478149414
783,(05-29) 20:49:55,97.07199478149414
784,(05-29) 20:49:59,97.07199478149414
785,(05-29) 20:50:03,97.07199478149414
786,(05-29) 20:50:07,97.07199478149414
787,(05-29) 20:50:11,91.24920654296875
788,(05-29) 20:50:15,91.24920654296875
789,(05-29) 20:50:19,91.24920654296875
790,(05-29) 20:50:23,91.24920654296875
791,(05-29) 20:50:27,91.24920654296875
792,(05-29) 20:50:31,91.24920654296875
793,(05-29) 20:50:36,91.24920654296875
794,(05-29) 20:50:41,91.24920654296875
795,(05-29) 20:50:43,91.24920654296875
796,(05-29) 20:50:47,91.24920654296875
797,(05-29) 20:50:51,91.24920654296875
798,(05-29) 20:50:55,91.24920654296875
799,(05-29) 20:50:59,91.24920654296875
800,(05-29) 20:51:03,91.24920654296875
801,(05-29) 20:51:07,91.24920654296875
802,(05-29) 20:51:11,95.46871948242188
803,(05-29) 20:51:15,95.46871948242188
804,(05-29) 20:51:19,95.46871948242188
805,(05-29) 20:51:23,95.46871948242188
806,(05-29) 20:51:27,95.46871948242188
807,(05-29) 20:51:31,95.46871948242188
808,(05-29) 20:51:35,95.46871948242188
809,(05-29) 20:51:39,95.46871948242188
810,(05-29) 20:51:43,95.46871948242188
811,(05-29) 20:51:47,95.46871948242188
812,(05-29) 20:51:51,95.46871948242188
813,(05-29) 20:51:55,95.46871948242188
814,(05-29) 20:51:59,95.46871948242188
815,(05-29) 20:52:03,95.46871948242188
816,(05-29) 20:52:07,95.46871948242188
817,(05-29) 20:52:11,89.59074401855469
818,(05-29) 20:52:15,89.59074401855469
819,(05-29) 20:52:19,89.59074401855469
820,(05-29) 20:52:23,89.59074401855469
821,(05-29) 20:52:27,89.59074401855469
822,(05-29) 20:52:31,89.59074401855469
823,(05-29) 20:52:36,89.59074401855469
824,(05-29) 20:52:39,89.59074401855469
825,(05-29) 20:52:43,89.59074401855469
826,(05-29) 20:52:47,89.59074401855469
827,(05-29) 20:52:51,89.59074401855469
828,(05-29) 20:52:55,89.59074401855469
829,(05-29) 20:52:59,89.59074401855469
830,(05-29) 20:53:03,89.59074401855469
831,(05-29) 20:53:07,89.59074401855469
832,(05-29) 20:53:11,90.29713567097981
833,(05-29) 20:53:15,90.29713567097981
834,(05-29) 20:53:18,90.29713567097981
835,(05-29) 20:53:23,90.29713567097981
836,(05-29) 20:53:27,90.29713567097981
837,(05-29) 20:53:30,90.29713567097981
838,(05-29) 20:53:35,90.29713567097981
839,(05-29) 20:53:39,90.29713567097981
840,(05-29) 20:53:43,90.29713567097981
841,(05-29) 20:53:47,90.29713567097981
842,(05-29) 20:53:51,90.29713567097981
843,(05-29) 20:53:55,90.29713567097981
844,(05-29) 20:53:59,90.29713567097981
845,(05-29) 20:54:03,90.29713567097981
846,(05-29) 20:54:07,90.29713567097981
847,(05-29) 20:54:11,90.29713567097981
848,(05-29) 20:54:15,89.50495147705078
849,(05-29) 20:54:19,89.50495147705078
850,(05-29) 20:54:23,89.50495147705078
851,(05-29) 20:54:27,89.50495147705078
852,(05-29) 20:54:31,89.50495147705078
853,(05-29) 20:54:36,89.50495147705078
854,(05-29) 20:54:39,89.50495147705078
855,(05-29) 20:54:43,89.50495147705078
856,(05-29) 20:54:47,89.50495147705078
857,(05-29) 20:54:51,89.50495147705078
858,(05-29) 20:54:55,89.50495147705078
859,(05-29) 20:54:59,89.50495147705078
860,(05-29) 20:55:03,89.50495147705078
861,(05-29) 20:55:08,89.50495147705078
862,(05-29) 20:55:11,92.44668960571289
863,(05-29) 20:55:15,92.44668960571289
864,(05-29) 20:55:19,92.44668960571289
865,(05-29) 20:55:23,92.44668960571289
866,(05-29) 20:55:27,92.44668960571289
867,(05-29) 20:55:31,92.44668960571289
868,(05-29) 20:55:35,92.44668960571289
869,(05-29) 20:55:39,92.44668960571289
870,(05-29) 20:55:44,92.44668960571289
871,(05-29) 20:55:47,92.44668960571289
872,(05-29) 20:55:50,92.44668960571289
873,(05-29) 20:55:54,92.44668960571289
874,(05-29) 20:55:59,92.44668960571289
875,(05-29) 20:56:03,92.44668960571289
876,(05-29) 20:56:07,92.44668960571289
877,(05-29) 20:56:11,88.35878880818684
878,(05-29) 20:56:15,88.35878880818684
879,(05-29) 20:56:19,88.35878880818684
880,(05-29) 20:56:23,88.35878880818684
881,(05-29) 20:56:27,88.35878880818684
882,(05-29) 20:56:31,88.35878880818684
883,(05-29) 20:56:35,88.35878880818684
884,(05-29) 20:56:39,88.35878880818684
885,(05-29) 20:56:43,88.35878880818684
886,(05-29) 20:56:47,88.35878880818684
887,(05-29) 20:56:51,88.35878880818684
888,(05-29) 20:56:55,88.35878880818684
889,(05-29) 20:56:59,88.35878880818684
890,(05-29) 20:57:03,88.35878880818684
891,(05-29) 20:57:07,88.35878880818684
892,(05-29) 20:57:11,85.99830373128255
893,(05-29) 20:57:15,85.99830373128255
894,(05-29) 20:57:19,85.99830373128255
895,(05-29) 20:57:23,85.99830373128255
896,(05-29) 20:57:27,85.99830373128255
897,(05-29) 20:57:31,85.99830373128255
898,(05-29) 20:57:35,85.99830373128255
899,(05-29) 20:57:39,85.99830373128255
900,(05-29) 20:57:43,85.99830373128255
901,(05-29) 20:57:47,85.99830373128255
902,(05-29) 20:57:51,85.99830373128255
903,(05-29) 20:57:55,85.99830373128255
904,(05-29) 20:57:59,85.99830373128255
905,(05-29) 20:58:03,85.99830373128255
906,(05-29) 20:58:07,85.99830373128255
907,(05-29) 20:58:11,84.67021052042644
908,(05-29) 20:58:15,84.67021052042644
909,(05-29) 20:58:19,84.67021052042644
910,(05-29) 20:58:23,84.67021052042644
911,(05-29) 20:58:27,84.67021052042644
912,(05-29) 20:58:31,84.67021052042644
913,(05-29) 20:58:35,84.67021052042644
914,(05-29) 20:58:39,84.67021052042644
915,(05-29) 20:58:43,84.67021052042644
916,(05-29) 20:58:47,84.67021052042644
917,(05-29) 20:58:51,84.67021052042644
918,(05-29) 20:58:55,84.67021052042644
919,(05-29) 20:58:59,84.67021052042644
920,(05-29) 20:59:03,84.67021052042644
921,(05-29) 20:59:07,84.67021052042644
922,(05-29) 20:59:11,82.99282455444336
923,(05-29) 20:59:15,82.99282455444336
924,(05-29) 20:59:19,82.99282455444336
925,(05-29) 20:59:23,82.99282455444336
926,(05-29) 20:59:27,82.99282455444336
927,(05-29) 20:59:31,82.99282455444336
928,(05-29) 20:59:35,82.99282455444336
929,(05-29) 20:59:39,82.99282455444336
930,(05-29) 20:59:43,82.99282455444336
931,(05-29) 20:59:47,82.99282455444336
932,(05-29) 20:59:51,82.99282455444336
933,(05-29) 20:59:55,82.99282455444336
934,(05-29) 20:59:59,82.99282455444336
935,(05-29) 21:00:03,82.99282455444336
936,(05-29) 21:00:07,82.99282455444336
937,(05-29) 21:00:11,82.3448371887207
938,(05-29) 21:00:15,82.3448371887207
939,(05-29) 21:00:19,82.3448371887207
940,(05-29) 21:00:23,82.3448371887207
941,(05-29) 21:00:27,82.3448371887207
942,(05-29) 21:00:31,82.3448371887207
943,(05-29) 21:00:36,82.3448371887207
944,(05-29) 21:00:39,82.3448371887207
945,(05-29) 21:00:43,82.3448371887207
946,(05-29) 21:00:47,82.3448371887207
947,(05-29) 21:00:51,82.3448371887207
948,(05-29) 21:00:55,82.3448371887207
949,(05-29) 21:00:59,82.3448371887207
950,(05-29) 21:01:03,82.3448371887207
951,(05-29) 21:01:07,82.3448371887207
952,(05-29) 21:01:11,80.37018203735352
953,(05-29) 21:01:15,80.37018203735352
954,(05-29) 21:01:20,80.37018203735352
955,(05-29) 21:01:23,80.37018203735352
956,(05-29) 21:01:28,80.37018203735352
957,(05-29) 21:01:32,80.37018203735352
958,(05-29) 21:01:36,80.37018203735352
959,(05-29) 21:01:40,80.37018203735352
960,(05-29) 21:01:44,80.37018203735352
961,(05-29) 21:01:47,80.37018203735352
962,(05-29) 21:01:51,80.37018203735352
963,(05-29) 21:01:55,80.37018203735352
964,(05-29) 21:01:59,80.37018203735352
965,(05-29) 21:02:03,80.37018203735352
966,(05-29) 21:02:07,80.37018203735352
967,(05-29) 21:02:11,77.1438725789388
968,(05-29) 21:02:15,77.1438725789388
969,(05-29) 21:02:19,77.1438725789388
970,(05-29) 21:02:23,77.1438725789388
971,(05-29) 21:02:27,77.1438725789388
972,(05-29) 21:02:31,77.1438725789388
973,(05-29) 21:02:36,77.1438725789388
974,(05-29) 21:02:39,77.1438725789388
975,(05-29) 21:02:43,77.1438725789388
976,(05-29) 21:02:47,77.1438725789388
977,(05-29) 21:02:51,77.1438725789388
978,(05-29) 21:02:55,77.1438725789388
979,(05-29) 21:02:59,77.1438725789388
980,(05-29) 21:03:03,77.1438725789388
981,(05-29) 21:03:07,77.1438725789388
982,(05-29) 21:03:11,70.7716801961263
983,(05-29) 21:03:15,70.7716801961263
984,(05-29) 21:03:19,70.7716801961263
985,(05-29) 21:03:23,70.7716801961263
986,(05-29) 21:03:27,70.7716801961263
987,(05-29) 21:03:31,70.7716801961263
988,(05-29) 21:03:35,70.7716801961263
989,(05-29) 21:03:39,70.7716801961263
990,(05-29) 21:03:43,70.7716801961263
991,(05-29) 21:03:47,70.7716801961263
992,(05-29) 21:03:51,70.7716801961263
993,(05-29) 21:03:55,70.7716801961263
994,(05-29) 21:03:59,70.7716801961263
995,(05-29) 21:04:03,70.7716801961263
996,(05-29) 21:04:07,70.7716801961263
997,(05-29) 21:04:11,66.56161371866862
998,(05-29) 21:04:15,66.56161371866862
999,(05-29) 21:04:19,66.56161371866862
1000,(05-29) 21:04:23,66.56161371866862
1001,(05-29) 21:04:27,66.56161371866862
1002,(05-29) 21:04:31,66.56161371866862
1003,(05-29) 21:04:36,66.56161371866862
1004,(05-29) 21:04:39,66.56161371866862
1005,(05-29) 21:04:43,66.56161371866862
1006,(05-29) 21:04:47,66.56161371866862
1007,(05-29) 21:04:51,66.56161371866862
1008,(05-29) 21:04:55,66.56161371866862
1009,(05-29) 21:04:59,66.56161371866862
1010,(05-29) 21:05:03,66.56161371866862
1011,(05-29) 21:05:07,66.56161371866862
1012,(05-29) 21:05:11,54.987074534098305
1013,(05-29) 21:05:15,54.987074534098305
1014,(05-29) 21:05:19,54.987074534098305
1015,(05-29) 21:05:23,54.987074534098305
1016,(05-29) 21:05:27,54.987074534098305
1017,(05-29) 21:05:31,54.987074534098305
1018,(05-29) 21:05:35,54.987074534098305
1019,(05-29) 21:05:39,54.987074534098305
1020,(05-29) 21:05:43,54.987074534098305
1021,(05-29) 21:05:47,54.987074534098305
1022,(05-29) 21:05:51,54.987074534098305
1023,(05-29) 21:05:55,54.987074534098305
1024,(05-29) 21:05:59,54.987074534098305
1025,(05-29) 21:06:03,54.987074534098305
1026,(05-29) 21:06:07,54.987074534098305
1027,(05-29) 21:06:11,40.53126017252604
1028,(05-29) 21:06:15,40.53126017252604
1029,(05-29) 21:06:19,40.53126017252604
1030,(05-29) 21:06:26,40.53126017252604
1031,(05-29) 21:06:28,40.53126017252604
1032,(05-29) 21:06:32,40.53126017252604
1033,(05-29) 21:06:35,40.53126017252604
1034,(05-29) 21:06:39,40.53126017252604
1035,(05-29) 21:06:43,40.53126017252604
1036,(05-29) 21:06:47,40.53126017252604
1037,(05-29) 21:06:51,40.53126017252604
1038,(05-29) 21:06:55,40.53126017252604
1039,(05-29) 21:06:59,40.53126017252604
1040,(05-29) 21:07:03,40.53126017252604
1041,(05-29) 21:07:07,40.53126017252604
1042,(05-29) 21:07:11,17.557788848876953
1043,(05-29) 21:07:15,17.557788848876953
1044,(05-29) 21:07:19,17.557788848876953
1045,(05-29) 21:07:24,17.557788848876953
1046,(05-29) 21:07:27,17.557788848876953
1047,(05-29) 21:07:31,17.557788848876953
1048,(05-29) 21:07:35,17.557788848876953
1049,(05-29) 21:07:39,17.557788848876953
1050,(05-29) 21:07:43,17.557788848876953
1051,(05-29) 21:07:47,17.557788848876953
1052,(05-29) 21:07:51,17.557788848876953
1053,(05-29) 21:07:55,17.557788848876953
1054,(05-29) 21:07:59,17.557788848876953
1055,(05-29) 21:08:04,17.557788848876953
1056,(05-29) 21:08:08,17.557788848876953
1057,(05-29) 21:08:12,21.84857177734375
1058,(05-29) 21:08:16,21.84857177734375
1059,(05-29) 21:08:20,21.84857177734375
1060,(05-29) 21:08:24,21.84857177734375
1061,(05-29) 21:08:28,21.84857177734375
1062,(05-29) 21:08:31,21.84857177734375
1063,(05-29) 21:08:36,21.84857177734375
1064,(05-29) 21:08:39,21.84857177734375
1065,(05-29) 21:08:43,21.84857177734375
1066,(05-29) 21:08:47,21.84857177734375
1067,(05-29) 21:08:51,21.84857177734375
1068,(05-29) 21:08:55,21.84857177734375
1069,(05-29) 21:08:59,21.84857177734375
1070,(05-29) 21:09:03,21.84857177734375
1071,(05-29) 21:09:07,21.84857177734375
1072,(05-29) 21:09:11,21.84857177734375
1073,(05-29) 21:09:16,22.480745951334637
1074,(05-29) 21:09:19,22.480745951334637
1075,(05-29) 21:09:23,22.480745951334637
1076,(05-29) 21:09:27,22.480745951334637
1077,(05-29) 21:09:31,22.480745951334637
1078,(05-29) 21:09:35,22.480745951334637
1079,(05-29) 21:09:39,22.480745951334637
1080,(05-29) 21:09:43,22.480745951334637
1081,(05-29) 21:09:47,22.480745951334637
1082,(05-29) 21:09:51,22.480745951334637
1083,(05-29) 21:09:55,22.480745951334637
1084,(05-29) 21:09:59,22.480745951334637
1085,(05-29) 21:10:03,22.480745951334637
1086,(05-29) 21:10:07,22.480745951334637
1087,(05-29) 21:10:11,31.544976552327473
1088,(05-29) 21:10:15,31.544976552327473
1089,(05-29) 21:10:19,31.544976552327473
1090,(05-29) 21:10:23,31.544976552327473
1091,(05-29) 21:10:27,31.544976552327473
1092,(05-29) 21:10:31,31.544976552327473
1093,(05-29) 21:10:36,31.544976552327473
1094,(05-29) 21:10:39,31.544976552327473
1095,(05-29) 21:10:43,31.544976552327473
1096,(05-29) 21:10:47,31.544976552327473
1097,(05-29) 21:10:51,31.544976552327473
1098,(05-29) 21:10:55,31.544976552327473
1099,(05-29) 21:10:59,31.544976552327473
1100,(05-29) 21:11:03,31.544976552327473
1101,(05-29) 21:11:07,31.544976552327473
1102,(05-29) 21:11:11,27.12169011433919
1103,(05-29) 21:11:15,27.12169011433919
1104,(05-29) 21:11:19,27.12169011433919
1105,(05-29) 21:11:23,27.12169011433919
1106,(05-29) 21:11:27,27.12169011433919
1107,(05-29) 21:11:31,27.12169011433919
1108,(05-29) 21:11:39,27.12169011433919
1109,(05-29) 21:11:40,27.12169011433919
1110,(05-29) 21:11:44,27.12169011433919
1111,(05-29) 21:11:48,27.12169011433919
1112,(05-29) 21:11:52,27.12169011433919
1113,(05-29) 21:11:56,27.12169011433919
1114,(05-29) 21:12:00,27.12169011433919
1115,(05-29) 21:12:04,27.12169011433919
1116,(05-29) 21:12:08,27.12169011433919
1117,(05-29) 21:12:12,34.23020807902018
1118,(05-29) 21:12:16,34.23020807902018
1119,(05-29) 21:12:20,34.23020807902018
1120,(05-29) 21:12:24,34.23020807902018
1121,(05-29) 21:12:28,34.23020807902018
1122,(05-29) 21:12:31,34.23020807902018
1123,(05-29) 21:12:35,34.23020807902018
1124,(05-29) 21:12:39,34.23020807902018
1125,(05-29) 21:12:43,34.23020807902018
1126,(05-29) 21:12:47,34.23020807902018
1127,(05-29) 21:12:51,34.23020807902018
1128,(05-29) 21:12:55,34.23020807902018
1129,(05-29) 21:12:59,34.23020807902018
1130,(05-29) 21:13:03,34.23020807902018
1131,(05-29) 21:13:07,34.23020807902018
1132,(05-29) 21:13:11,35.04703267415365
1133,(05-29) 21:13:15,35.04703267415365
1134,(05-29) 21:13:19,35.04703267415365
1135,(05-29) 21:13:23,35.04703267415365
1136,(05-29) 21:13:27,35.04703267415365
1137,(05-29) 21:13:31,35.04703267415365
1138,(05-29) 21:13:35,35.04703267415365
1139,(05-29) 21:13:39,35.04703267415365
1140,(05-29) 21:13:43,35.04703267415365
1141,(05-29) 21:13:47,35.04703267415365
1142,(05-29) 21:13:51,35.04703267415365
1143,(05-29) 21:13:55,35.04703267415365
1144,(05-29) 21:13:59,35.04703267415365
1145,(05-29) 21:14:03,35.04703267415365
1146,(05-29) 21:14:07,35.04703267415365
1147,(05-29) 21:14:11,40.35979715983073
1148,(05-29) 21:14:15,40.35979715983073
1149,(05-29) 21:14:19,40.35979715983073
1150,(05-29) 21:14:23,40.35979715983073
1151,(05-29) 21:14:27,40.35979715983073
1152,(05-29) 21:14:31,40.35979715983073
1153,(05-29) 21:14:36,40.35979715983073
1154,(05-29) 21:14:39,40.35979715983073
1155,(05-29) 21:14:43,40.35979715983073
1156,(05-29) 21:14:47,40.35979715983073
1157,(05-29) 21:14:52,40.35979715983073
1158,(05-29) 21:14:56,40.35979715983073
1159,(05-29) 21:15:00,40.35979715983073
1160,(05-29) 21:15:04,40.35979715983073
1161,(05-29) 21:15:08,40.35979715983073
1162,(05-29) 21:15:11,41.80873362223307
1163,(05-29) 21:15:15,41.80873362223307
1164,(05-29) 21:15:22,41.80873362223307
1165,(05-29) 21:15:23,41.80873362223307
1166,(05-29) 21:15:27,41.80873362223307
1167,(05-29) 21:15:31,41.80873362223307
1168,(05-29) 21:15:35,41.80873362223307
1169,(05-29) 21:15:39,41.80873362223307
1170,(05-29) 21:15:43,41.80873362223307
1171,(05-29) 21:15:47,41.80873362223307
1172,(05-29) 21:15:51,41.80873362223307
1173,(05-29) 21:15:55,41.80873362223307
1174,(05-29) 21:15:59,41.80873362223307
1175,(05-29) 21:16:03,41.80873362223307
1176,(05-29) 21:16:07,41.80873362223307
1177,(05-29) 21:16:11,43.06048329671224
1178,(05-29) 21:16:15,43.06048329671224
1179,(05-29) 21:16:19,43.06048329671224
1180,(05-29) 21:16:23,43.06048329671224
1181,(05-29) 21:16:27,43.06048329671224
1182,(05-29) 21:16:31,43.06048329671224
1183,(05-29) 21:16:36,43.06048329671224
1184,(05-29) 21:16:39,43.06048329671224
1185,(05-29) 21:16:43,43.06048329671224
1186,(05-29) 21:16:47,43.06048329671224
1187,(05-29) 21:16:52,43.06048329671224
1188,(05-29) 21:16:56,43.06048329671224
1189,(05-29) 21:17:00,43.06048329671224
1190,(05-29) 21:17:04,43.06048329671224
1191,(05-29) 21:17:08,43.06048329671224
1192,(05-29) 21:17:12,43.16621653238932
1193,(05-29) 21:17:16,43.16621653238932
1194,(05-29) 21:17:20,43.16621653238932
1195,(05-29) 21:17:24,43.16621653238932
1196,(05-29) 21:17:28,43.16621653238932
1197,(05-29) 21:17:32,43.16621653238932
1198,(05-29) 21:17:36,43.16621653238932
1199,(05-29) 21:17:40,43.16621653238932
1200,(05-29) 21:17:44,43.16621653238932
1201,(05-29) 21:17:48,43.16621653238932
1202,(05-29) 21:17:52,43.16621653238932
1203,(05-29) 21:17:56,43.16621653238932
1204,(05-29) 21:18:00,43.16621653238932
1205,(05-29) 21:18:04,43.16621653238932
1206,(05-29) 21:18:08,43.16621653238932
1207,(05-29) 21:18:12,45.701438903808594
1208,(05-29) 21:18:16,45.701438903808594
1209,(05-29) 21:18:20,45.701438903808594
1210,(05-29) 21:18:23,45.701438903808594
1211,(05-29) 21:18:27,45.701438903808594
1212,(05-29) 21:18:31,45.701438903808594
1213,(05-29) 21:18:40,45.701438903808594
1214,(05-29) 21:18:40,45.701438903808594
1215,(05-29) 21:18:43,45.701438903808594
1216,(05-29) 21:18:47,45.701438903808594
1217,(05-29) 21:18:51,45.701438903808594
1218,(05-29) 21:18:55,45.701438903808594
1219,(05-29) 21:18:59,45.701438903808594
1220,(05-29) 21:19:03,45.701438903808594
1221,(05-29) 21:19:07,45.701438903808594
1222,(05-29) 21:19:11,45.701438903808594
1223,(05-29) 21:19:15,49.16251754760742
1224,(05-29) 21:19:19,49.16251754760742
1225,(05-29) 21:19:23,49.16251754760742
1226,(05-29) 21:19:27,49.16251754760742
1227,(05-29) 21:19:31,49.16251754760742
1228,(05-29) 21:19:36,49.16251754760742
1229,(05-29) 21:19:40,49.16251754760742
1230,(05-29) 21:19:44,49.16251754760742
1231,(05-29) 21:19:48,49.16251754760742
1232,(05-29) 21:19:52,49.16251754760742
1233,(05-29) 21:19:56,49.16251754760742
1234,(05-29) 21:20:00,49.16251754760742
1235,(05-29) 21:20:04,49.16251754760742
1236,(05-29) 21:20:08,49.16251754760742
1237,(05-29) 21:20:12,50.15782038370768
1238,(05-29) 21:20:16,50.15782038370768
1239,(05-29) 21:20:20,50.15782038370768
1240,(05-29) 21:20:24,50.15782038370768
1241,(05-29) 21:20:28,50.15782038370768
1242,(05-29) 21:20:32,50.15782038370768
1243,(05-29) 21:20:35,50.15782038370768
1244,(05-29) 21:20:40,50.15782038370768
1245,(05-29) 21:20:44,50.15782038370768
1246,(05-29) 21:20:48,50.15782038370768
1247,(05-29) 21:20:52,50.15782038370768
1248,(05-29) 21:20:56,50.15782038370768
1249,(05-29) 21:21:00,50.15782038370768
1250,(05-29) 21:21:04,50.15782038370768
1251,(05-29) 21:21:07,50.15782038370768
1252,(05-29) 21:21:11,53.63759994506836
1253,(05-29) 21:21:15,53.63759994506836
1254,(05-29) 21:21:19,53.63759994506836
1255,(05-29) 21:21:23,53.63759994506836
1256,(05-29) 21:21:27,53.63759994506836
1257,(05-29) 21:21:31,53.63759994506836
1258,(05-29) 21:21:35,53.63759994506836
1259,(05-29) 21:21:39,53.63759994506836
1260,(05-29) 21:21:43,53.63759994506836
1261,(05-29) 21:21:47,53.63759994506836
1262,(05-29) 21:21:51,53.63759994506836
1263,(05-29) 21:21:55,53.63759994506836
1264,(05-29) 21:21:59,53.63759994506836
1265,(05-29) 21:22:03,53.63759994506836
1266,(05-29) 21:22:07,53.63759994506836
1267,(05-29) 21:22:11,56.11828867594401
1268,(05-29) 21:22:15,56.11828867594401
1269,(05-29) 21:22:19,56.11828867594401
1270,(05-29) 21:22:23,56.11828867594401
1271,(05-29) 21:22:27,56.11828867594401
1272,(05-29) 21:22:31,56.11828867594401
1273,(05-29) 21:22:36,56.11828867594401
1274,(05-29) 21:22:39,56.11828867594401
1275,(05-29) 21:22:43,56.11828867594401
1276,(05-29) 21:22:48,56.11828867594401
1277,(05-29) 21:22:52,56.11828867594401
1278,(05-29) 21:22:56,56.11828867594401
1279,(05-29) 21:23:00,56.11828867594401
1280,(05-29) 21:23:04,56.11828867594401
1281,(05-29) 21:23:08,56.11828867594401
1282,(05-29) 21:23:12,57.2677370707194
1283,(05-29) 21:23:16,57.2677370707194
1284,(05-29) 21:23:20,57.2677370707194
1285,(05-29) 21:23:24,57.2677370707194
1286,(05-29) 21:23:28,57.2677370707194
1287,(05-29) 21:23:32,57.2677370707194
1288,(05-29) 21:23:36,57.2677370707194
1289,(05-29) 21:23:40,57.2677370707194
1290,(05-29) 21:23:44,57.2677370707194
1291,(05-29) 21:23:48,57.2677370707194
1292,(05-29) 21:23:52,57.2677370707194
1293,(05-29) 21:23:56,57.2677370707194
1294,(05-29) 21:24:00,57.2677370707194
1295,(05-29) 21:24:04,57.2677370707194
1296,(05-29) 21:24:08,57.2677370707194
1297,(05-29) 21:24:12,57.190128326416016
1298,(05-29) 21:24:16,57.190128326416016
1299,(05-29) 21:24:20,57.190128326416016
1300,(05-29) 21:24:24,57.190128326416016
1301,(05-29) 21:24:28,57.190128326416016
1302,(05-29) 21:24:31,57.190128326416016
1303,(05-29) 21:24:36,57.190128326416016
1304,(05-29) 21:24:39,57.190128326416016
1305,(05-29) 21:24:43,57.190128326416016
1306,(05-29) 21:24:47,57.190128326416016
1307,(05-29) 21:24:51,57.190128326416016
1308,(05-29) 21:24:55,57.190128326416016
1309,(05-29) 21:24:59,57.190128326416016
1310,(05-29) 21:25:03,57.190128326416016
1311,(05-29) 21:25:07,57.190128326416016
1312,(05-29) 21:25:11,56.90713246663412
1313,(05-29) 21:25:15,56.90713246663412
1314,(05-29) 21:25:19,56.90713246663412
1315,(05-29) 21:25:23,56.90713246663412
1316,(05-29) 21:25:27,56.90713246663412
1317,(05-29) 21:25:31,56.90713246663412
1318,(05-29) 21:25:35,56.90713246663412
1319,(05-29) 21:25:39,56.90713246663412
1320,(05-29) 21:25:43,56.90713246663412
1321,(05-29) 21:25:48,56.90713246663412
1322,(05-29) 21:25:52,56.90713246663412
1323,(05-29) 21:25:56,56.90713246663412
1324,(05-29) 21:26:00,56.90713246663412
1325,(05-29) 21:26:04,56.90713246663412
1326,(05-29) 21:26:08,56.90713246663412
1327,(05-29) 21:26:12,58.11230341593424
1328,(05-29) 21:26:16,58.11230341593424
1329,(05-29) 21:26:20,58.11230341593424
1330,(05-29) 21:26:24,58.11230341593424
1331,(05-29) 21:26:28,58.11230341593424
1332,(05-29) 21:26:32,58.11230341593424
1333,(05-29) 21:26:36,58.11230341593424
1334,(05-29) 21:26:40,58.11230341593424
1335,(05-29) 21:26:44,58.11230341593424
1336,(05-29) 21:26:48,58.11230341593424
1337,(05-29) 21:26:52,58.11230341593424
1338,(05-29) 21:26:56,58.11230341593424
1339,(05-29) 21:27:00,58.11230341593424
1340,(05-29) 21:27:04,58.11230341593424
1341,(05-29) 21:27:08,58.11230341593424
1342,(05-29) 21:27:12,57.95891571044922
1343,(05-29) 21:27:16,57.95891571044922
1344,(05-29) 21:27:20,57.95891571044922
1345,(05-29) 21:27:24,57.95891571044922
1346,(05-29) 21:27:28,57.95891571044922
1347,(05-29) 21:27:32,57.95891571044922
1348,(05-29) 21:27:36,57.95891571044922
1349,(05-29) 21:27:40,57.95891571044922
1350,(05-29) 21:27:44,57.95891571044922
1351,(05-29) 21:27:48,57.95891571044922
1352,(05-29) 21:27:52,57.95891571044922
1353,(05-29) 21:27:55,57.95891571044922
1354,(05-29) 21:27:59,57.95891571044922
1355,(05-29) 21:28:03,57.95891571044922
1356,(05-29) 21:28:07,57.95891571044922
1357,(05-29) 21:28:11,58.879066467285156
1358,(05-29) 21:28:15,58.879066467285156
1359,(05-29) 21:28:19,58.879066467285156
1360,(05-29) 21:28:23,58.879066467285156
1361,(05-29) 21:28:27,58.879066467285156
1362,(05-29) 21:28:31,58.879066467285156
1363,(05-29) 21:28:36,58.879066467285156
1364,(05-29) 21:28:39,58.879066467285156
1365,(05-29) 21:28:43,58.879066467285156
1366,(05-29) 21:28:47,58.879066467285156
1367,(05-29) 21:28:51,58.879066467285156
1368,(05-29) 21:28:56,58.879066467285156
1369,(05-29) 21:28:59,58.879066467285156
1370,(05-29) 21:29:03,58.879066467285156
1371,(05-29) 21:29:08,58.879066467285156
1372,(05-29) 21:29:12,58.93526077270508
1373,(05-29) 21:29:16,58.93526077270508
1374,(05-29) 21:29:20,58.93526077270508
1375,(05-29) 21:29:24,58.93526077270508
1376,(05-29) 21:29:28,58.93526077270508
1377,(05-29) 21:29:32,58.93526077270508
1378,(05-29) 21:29:36,58.93526077270508
1379,(05-29) 21:29:40,58.93526077270508
1380,(05-29) 21:29:44,58.93526077270508
1381,(05-29) 21:29:48,58.93526077270508
1382,(05-29) 21:29:56,58.93526077270508
1383,(05-29) 21:29:56,58.93526077270508
1384,(05-29) 21:30:00,58.93526077270508
1385,(05-29) 21:30:04,58.93526077270508
1386,(05-29) 21:30:08,58.93526077270508
1387,(05-29) 21:30:12,58.93526077270508
1388,(05-29) 21:30:16,58.5533447265625
1389,(05-29) 21:30:20,58.5533447265625
1390,(05-29) 21:30:24,58.5533447265625
1391,(05-29) 21:30:27,58.5533447265625
1392,(05-29) 21:30:31,58.5533447265625
1393,(05-29) 21:30:36,58.5533447265625
1394,(05-29) 21:30:39,58.5533447265625
1395,(05-29) 21:30:43,58.5533447265625
1396,(05-29) 21:30:47,58.5533447265625
1397,(05-29) 21:30:51,58.5533447265625
1398,(05-29) 21:30:55,58.5533447265625
1399,(05-29) 21:30:59,58.5533447265625
1400,(05-29) 21:31:03,58.5533447265625
1401,(05-29) 21:31:07,74.1408297220866
1402,(05-29) 21:31:11,74.1408297220866
1403,(05-29) 21:31:15,74.1408297220866
1404,(05-29) 21:31:19,74.1408297220866
1405,(05-29) 21:31:23,74.1408297220866
1406,(05-29) 21:31:27,74.1408297220866
1407,(05-29) 21:31:32,74.1408297220866
1408,(05-29) 21:31:36,74.1408297220866
1409,(05-29) 21:31:40,74.1408297220866
1410,(05-29) 21:31:44,74.1408297220866
1411,(05-29) 21:31:48,74.1408297220866
1412,(05-29) 21:31:52,74.1408297220866
1413,(05-29) 21:31:56,74.1408297220866
1414,(05-29) 21:32:00,74.1408297220866
1415,(05-29) 21:32:04,74.1408297220866
1416,(05-29) 21:32:08,74.1408297220866
1417,(05-29) 21:32:12,72.34847513834636
1418,(05-29) 21:32:16,72.34847513834636
1419,(05-29) 21:32:20,72.34847513834636
1420,(05-29) 21:32:24,72.34847513834636
1421,(05-29) 21:32:28,72.34847513834636
1422,(05-29) 21:32:32,72.34847513834636
1423,(05-29) 21:32:36,72.34847513834636
1424,(05-29) 21:32:40,72.34847513834636
1425,(05-29) 21:32:44,72.34847513834636
1426,(05-29) 21:32:48,72.34847513834636
1427,(05-29) 21:32:52,72.34847513834636
1428,(05-29) 21:32:56,72.34847513834636
1429,(05-29) 21:33:00,72.34847513834636
1430,(05-29) 21:33:04,72.34847513834636
1431,(05-29) 21:33:08,71.75032424926758
1432,(05-29) 21:33:12,71.75032424926758
1433,(05-29) 21:33:16,71.75032424926758
1434,(05-29) 21:33:20,71.75032424926758
1435,(05-29) 21:33:24,71.75032424926758
1436,(05-29) 21:33:28,71.75032424926758
1437,(05-29) 21:33:32,71.75032424926758
1438,(05-29) 21:33:36,71.75032424926758
1439,(05-29) 21:33:40,71.75032424926758
1440,(05-29) 21:33:44,71.75032424926758
1441,(05-29) 21:33:48,71.75032424926758
1442,(05-29) 21:33:52,71.75032424926758
1443,(05-29) 21:33:56,71.75032424926758
1444,(05-29) 21:34:00,71.75032424926758
1445,(05-29) 21:34:03,71.75032424926758
1446,(05-29) 21:34:07,71.75032424926758
1447,(05-29) 21:34:11,69.85569636027019
1448,(05-29) 21:34:15,69.85569636027019
1449,(05-29) 21:34:19,69.85569636027019
1450,(05-29) 21:34:23,69.85569636027019
1451,(05-29) 21:34:27,69.85569636027019
1452,(05-29) 21:34:31,69.85569636027019
1453,(05-29) 21:34:36,69.85569636027019
1454,(05-29) 21:34:39,69.85569636027019
1455,(05-29) 21:34:43,69.85569636027019
1456,(05-29) 21:34:47,69.85569636027019
1457,(05-29) 21:34:52,69.85569636027019
1458,(05-29) 21:34:56,69.85569636027019
1459,(05-29) 21:35:01,69.85569636027019
1460,(05-29) 21:35:04,69.85569636027019
1461,(05-29) 21:35:08,69.85569636027019
1462,(05-29) 21:35:12,68.51355997721355
1463,(05-29) 21:35:16,68.51355997721355
1464,(05-29) 21:35:20,68.51355997721355
1465,(05-29) 21:35:24,68.51355997721355
1466,(05-29) 21:35:28,68.51355997721355
1467,(05-29) 21:35:32,68.51355997721355
1468,(05-29) 21:35:36,68.51355997721355
1469,(05-29) 21:35:40,68.51355997721355
1470,(05-29) 21:35:44,68.51355997721355
1471,(05-29) 21:35:48,68.51355997721355
1472,(05-29) 21:35:52,68.51355997721355
1473,(05-29) 21:35:56,68.51355997721355
1474,(05-29) 21:36:00,68.51355997721355
1475,(05-29) 21:36:04,68.51355997721355
1476,(05-29) 21:36:08,68.51355997721355
1477,(05-29) 21:36:12,67.22093709309895
1478,(05-29) 21:36:16,67.22093709309895
1479,(05-29) 21:36:20,67.22093709309895
1480,(05-29) 21:36:24,67.22093709309895
1481,(05-29) 21:36:28,67.22093709309895
1482,(05-29) 21:36:32,67.22093709309895
1483,(05-29) 21:36:36,67.22093709309895
1484,(05-29) 21:36:40,67.22093709309895
1485,(05-29) 21:36:44,67.22093709309895
1486,(05-29) 21:36:47,67.22093709309895
1487,(05-29) 21:36:51,67.22093709309895
1488,(05-29) 21:36:55,67.22093709309895
1489,(05-29) 21:36:59,67.22093709309895
1490,(05-29) 21:37:03,67.22093709309895
1491,(05-29) 21:37:07,67.22093709309895
1492,(05-29) 21:37:11,67.72462463378906
1493,(05-29) 21:37:15,67.72462463378906
1494,(05-29) 21:37:19,67.72462463378906
1495,(05-29) 21:37:24,67.72462463378906
1496,(05-29) 21:37:28,67.72462463378906
1497,(05-29) 21:37:32,67.72462463378906
1498,(05-29) 21:37:36,67.72462463378906
1499,(05-29) 21:37:40,67.72462463378906
1500,(05-29) 21:37:44,67.72462463378906
1501,(05-29) 21:37:48,67.72462463378906
1502,(05-29) 21:37:52,67.72462463378906
1503,(05-29) 21:37:56,67.72462463378906
1504,(05-29) 21:38:00,67.72462463378906
1505,(05-29) 21:38:04,67.72462463378906
1506,(05-29) 21:38:08,67.72462463378906
1507,(05-29) 21:38:12,66.16223271687825
1508,(05-29) 21:38:16,66.16223271687825
1509,(05-29) 21:38:20,66.16223271687825
1510,(05-29) 21:38:24,66.16223271687825
1511,(05-29) 21:38:28,66.16223271687825
1512,(05-29) 21:38:32,66.16223271687825
1513,(05-29) 21:38:40,66.16223271687825
1514,(05-29) 21:38:40,66.16223271687825
1515,(05-29) 21:38:44,66.16223271687825
1516,(05-29) 21:38:48,66.16223271687825
1517,(05-29) 21:38:52,66.16223271687825
1518,(05-29) 21:38:56,66.16223271687825
1519,(05-29) 21:39:00,66.16223271687825
1520,(05-29) 21:39:04,66.16223271687825
1521,(05-29) 21:39:08,66.16223271687825
1522,(05-29) 21:39:12,64.85286331176758
1523,(05-29) 21:39:16,64.85286331176758
1524,(05-29) 21:39:20,64.85286331176758
1525,(05-29) 21:39:24,64.85286331176758
1526,(05-29) 21:39:28,64.85286331176758
1527,(05-29) 21:39:32,64.85286331176758
1528,(05-29) 21:39:36,64.85286331176758
1529,(05-29) 21:39:39,64.85286331176758
1530,(05-29) 21:39:43,64.85286331176758
1531,(05-29) 21:39:47,64.85286331176758
1532,(05-29) 21:39:51,64.85286331176758
1533,(05-29) 21:39:55,64.85286331176758
1534,(05-29) 21:39:59,64.85286331176758
1535,(05-29) 21:40:03,64.85286331176758
1536,(05-29) 21:40:07,64.85286331176758
1537,(05-29) 21:40:12,64.30532836914062
1538,(05-29) 21:40:15,64.30532836914062
1539,(05-29) 21:40:20,64.30532836914062
1540,(05-29) 21:40:24,64.30532836914062
1541,(05-29) 21:40:28,64.30532836914062
1542,(05-29) 21:40:32,64.30532836914062
1543,(05-29) 21:40:36,64.30532836914062
1544,(05-29) 21:40:40,64.30532836914062
1545,(05-29) 21:40:44,64.30532836914062
1546,(05-29) 21:40:48,64.30532836914062
1547,(05-29) 21:40:52,64.30532836914062
1548,(05-29) 21:40:56,64.30532836914062
1549,(05-29) 21:41:00,64.30532836914062
1550,(05-29) 21:41:04,64.30532836914062
1551,(05-29) 21:41:08,64.30532836914062
1552,(05-29) 21:41:12,65.17357381184895
1553,(05-29) 21:41:16,65.17357381184895
1554,(05-29) 21:41:20,65.17357381184895
1555,(05-29) 21:41:24,65.17357381184895
1556,(05-29) 21:41:28,65.17357381184895
1557,(05-29) 21:41:32,65.17357381184895
1558,(05-29) 21:41:36,65.17357381184895
1559,(05-29) 21:41:40,65.17357381184895
1560,(05-29) 21:41:44,65.17357381184895
1561,(05-29) 21:41:48,65.17357381184895
1562,(05-29) 21:41:52,65.17357381184895
1563,(05-29) 21:41:56,65.17357381184895
1564,(05-29) 21:42:00,65.17357381184895
1565,(05-29) 21:42:04,65.17357381184895
1566,(05-29) 21:42:08,65.17357381184895
1567,(05-29) 21:42:13,63.79603068033854
1568,(05-29) 21:42:16,63.79603068033854
1569,(05-29) 21:42:20,63.79603068033854
1570,(05-29) 21:42:24,63.79603068033854
1571,(05-29) 21:42:28,63.79603068033854
1572,(05-29) 21:42:32,63.79603068033854
1573,(05-29) 21:42:36,63.79603068033854
1574,(05-29) 21:42:40,63.79603068033854
1575,(05-29) 21:42:44,63.79603068033854
1576,(05-29) 21:42:48,63.79603068033854
1577,(05-29) 21:42:53,63.79603068033854
1578,(05-29) 21:42:55,63.79603068033854
1579,(05-29) 21:42:59,63.79603068033854
1580,(05-29) 21:43:04,63.79603068033854
1581,(05-29) 21:43:09,63.79603068033854
1582,(05-29) 21:43:12,63.79603068033854
1583,(05-29) 21:43:16,62.764052073160805
1584,(05-29) 21:43:20,62.764052073160805
1585,(05-29) 21:43:24,62.764052073160805
1586,(05-29) 21:43:28,62.764052073160805
1587,(05-29) 21:43:32,62.764052073160805
1588,(05-29) 21:43:36,62.764052073160805
1589,(05-29) 21:43:40,62.764052073160805
1590,(05-29) 21:43:44,62.764052073160805
1591,(05-29) 21:43:48,62.764052073160805
1592,(05-29) 21:43:52,62.764052073160805
1593,(05-29) 21:43:56,62.764052073160805
1594,(05-29) 21:44:00,62.764052073160805
1595,(05-29) 21:44:04,62.764052073160805
1596,(05-29) 21:44:08,62.764052073160805
1597,(05-29) 21:44:12,62.55931727091471
1598,(05-29) 21:44:16,62.55931727091471
1599,(05-29) 21:44:20,62.55931727091471
1600,(05-29) 21:44:24,62.55931727091471
1601,(05-29) 21:44:28,62.55931727091471
1602,(05-29) 21:44:32,62.55931727091471
1603,(05-29) 21:44:36,62.55931727091471
1604,(05-29) 21:44:40,62.55931727091471
1605,(05-29) 21:44:43,62.55931727091471
1606,(05-29) 21:44:47,62.55931727091471
1607,(05-29) 21:44:51,62.55931727091471
1608,(05-29) 21:44:55,62.55931727091471
1609,(05-29) 21:44:59,62.55931727091471
1610,(05-29) 21:45:04,62.55931727091471
1611,(05-29) 21:45:08,62.55931727091471
1612,(05-29) 21:45:12,63.37552007039388
1613,(05-29) 21:45:16,63.37552007039388
1614,(05-29) 21:45:20,63.37552007039388
1615,(05-29) 21:45:24,63.37552007039388
1616,(05-29) 21:45:28,63.37552007039388
1617,(05-29) 21:45:32,63.37552007039388
1618,(05-29) 21:45:36,63.37552007039388
1619,(05-29) 21:45:40,63.37552007039388
1620,(05-29) 21:45:44,63.37552007039388
1621,(05-29) 21:45:48,63.37552007039388
1622,(05-29) 21:45:52,63.37552007039388
1623,(05-29) 21:45:56,63.37552007039388
1624,(05-29) 21:46:00,63.37552007039388
1625,(05-29) 21:46:04,63.37552007039388
1626,(05-29) 21:46:09,63.37552007039388
1627,(05-29) 21:46:13,63.37552007039388
1628,(05-29) 21:46:16,62.164877573649086
1629,(05-29) 21:46:19,62.164877573649086
1630,(05-29) 21:46:24,62.164877573649086
1631,(05-29) 21:46:28,62.164877573649086
1632,(05-29) 21:46:32,62.164877573649086
1633,(05-29) 21:46:36,62.164877573649086
1634,(05-29) 21:46:40,62.164877573649086
1635,(05-29) 21:46:44,62.164877573649086
1636,(05-29) 21:46:48,62.164877573649086
1637,(05-29) 21:46:52,62.164877573649086
1638,(05-29) 21:46:56,62.164877573649086
1639,(05-29) 21:47:00,62.164877573649086
1640,(05-29) 21:47:04,62.164877573649086
1641,(05-29) 21:47:08,62.164877573649086
1642,(05-29) 21:47:12,61.7721061706543
1643,(05-29) 21:47:16,61.7721061706543
1644,(05-29) 21:47:20,61.7721061706543
1645,(05-29) 21:47:24,61.7721061706543
1646,(05-29) 21:47:28,61.7721061706543
1647,(05-29) 21:47:32,61.7721061706543
1648,(05-29) 21:47:36,61.7721061706543
1649,(05-29) 21:47:40,61.7721061706543
1650,(05-29) 21:47:44,61.7721061706543
1651,(05-29) 21:47:48,61.7721061706543
1652,(05-29) 21:47:52,61.7721061706543
1653,(05-29) 21:47:56,61.7721061706543
1654,(05-29) 21:48:00,61.7721061706543
1655,(05-29) 21:48:04,61.7721061706543
1656,(05-29) 21:48:08,61.7721061706543
1657,(05-29) 21:48:12,61.66154225667318
1658,(05-29) 21:48:16,61.66154225667318
1659,(05-29) 21:48:20,61.66154225667318
1660,(05-29) 21:48:25,61.66154225667318
1661,(05-29) 21:48:28,61.66154225667318
1662,(05-29) 21:48:32,61.66154225667318
1663,(05-29) 21:48:36,61.66154225667318
1664,(05-29) 21:48:40,61.66154225667318
1665,(05-29) 21:48:44,61.66154225667318
1666,(05-29) 21:48:48,61.66154225667318
1667,(05-29) 21:48:52,61.66154225667318
1668,(05-29) 21:48:56,61.66154225667318
1669,(05-29) 21:49:00,61.66154225667318
1670,(05-29) 21:49:04,61.66154225667318
1671,(05-29) 21:49:08,61.66154225667318
1672,(05-29) 21:49:12,62.58220926920573
1673,(05-29) 21:49:16,62.58220926920573
1674,(05-29) 21:49:21,62.58220926920573
1675,(05-29) 21:49:25,62.58220926920573
1676,(05-29) 21:49:28,62.58220926920573
1677,(05-29) 21:49:32,62.58220926920573
1678,(05-29) 21:49:36,62.58220926920573
1679,(05-29) 21:49:40,62.58220926920573
1680,(05-29) 21:49:44,62.58220926920573
1681,(05-29) 21:49:48,62.58220926920573
1682,(05-29) 21:49:52,62.58220926920573
1683,(05-29) 21:49:56,62.58220926920573
1684,(05-29) 21:50:00,62.58220926920573
1685,(05-29) 21:50:04,62.58220926920573
1686,(05-29) 21:50:08,62.58220926920573
1687,(05-29) 21:50:12,62.58220926920573
1688,(05-29) 21:50:16,61.30235290527344
1689,(05-29) 21:50:20,61.30235290527344
1690,(05-29) 21:50:24,61.30235290527344
1691,(05-29) 21:50:28,61.30235290527344
1692,(05-29) 21:50:32,61.30235290527344
1693,(05-29) 21:50:36,61.30235290527344
1694,(05-29) 21:50:40,61.30235290527344
1695,(05-29) 21:50:44,61.30235290527344
1696,(05-29) 21:50:48,61.30235290527344
1697,(05-29) 21:50:52,61.30235290527344
1698,(05-29) 21:50:56,61.30235290527344
1699,(05-29) 21:51:00,61.30235290527344
1700,(05-29) 21:51:04,61.30235290527344
1701,(05-29) 21:51:08,61.30235290527344
1702,(05-29) 21:51:12,61.070055643717446
1703,(05-29) 21:51:16,61.070055643717446
1704,(05-29) 21:51:21,61.070055643717446
1705,(05-29) 21:51:25,61.070055643717446
1706,(05-29) 21:51:29,61.070055643717446
1707,(05-29) 21:51:33,61.070055643717446
1708,(05-29) 21:51:37,61.070055643717446
1709,(05-29) 21:51:41,61.070055643717446
1710,(05-29) 21:51:45,61.070055643717446
1711,(05-29) 21:51:49,61.070055643717446
1712,(05-29) 21:51:53,61.070055643717446
1713,(05-29) 21:51:57,61.070055643717446
1714,(05-29) 21:52:00,61.070055643717446
1715,(05-29) 21:52:04,61.070055643717446
1716,(05-29) 21:52:08,61.070055643717446
1717,(05-29) 21:52:12,60.87990061442057
1718,(05-29) 21:52:16,60.87990061442057
1719,(05-29) 21:52:20,60.87990061442057
1720,(05-29) 21:52:24,60.87990061442057
1721,(05-29) 21:52:28,60.87990061442057
1722,(05-29) 21:52:32,60.87990061442057
1723,(05-29) 21:52:36,60.87990061442057
1724,(05-29) 21:52:40,60.87990061442057
1725,(05-29) 21:52:44,60.87990061442057
1726,(05-29) 21:52:48,60.87990061442057
1727,(05-29) 21:52:52,60.87990061442057
1728,(05-29) 21:52:56,60.87990061442057
1729,(05-29) 21:53:00,60.87990061442057
1730,(05-29) 21:53:04,60.87990061442057
1731,(05-29) 21:53:08,60.87990061442057
1732,(05-29) 21:53:12,61.85641098022461
1733,(05-29) 21:53:16,61.85641098022461
1734,(05-29) 21:53:20,61.85641098022461
1735,(05-29) 21:53:24,61.85641098022461
1736,(05-29) 21:53:28,61.85641098022461
1737,(05-29) 21:53:32,61.85641098022461
1738,(05-29) 21:53:36,61.85641098022461
1739,(05-29) 21:53:40,61.85641098022461
1740,(05-29) 21:53:44,61.85641098022461
1741,(05-29) 21:53:48,61.85641098022461
1742,(05-29) 21:53:52,61.85641098022461
1743,(05-29) 21:53:56,61.85641098022461
1744,(05-29) 21:54:00,61.85641098022461
1745,(05-29) 21:54:04,61.85641098022461
1746,(05-29) 21:54:08,61.85641098022461
1747,(05-29) 21:54:12,60.87419128417969
1748,(05-29) 21:54:16,60.87419128417969
1749,(05-29) 21:54:20,60.87419128417969
1750,(05-29) 21:54:24,60.87419128417969
1751,(05-29) 21:54:28,60.87419128417969
1752,(05-29) 21:54:32,60.87419128417969
1753,(05-29) 21:54:37,60.87419128417969
1754,(05-29) 21:54:40,60.87419128417969
1755,(05-29) 21:54:45,60.87419128417969
1756,(05-29) 21:54:49,60.87419128417969
1757,(05-29) 21:54:53,60.87419128417969
1758,(05-29) 21:54:57,60.87419128417969
1759,(05-29) 21:55:01,60.87419128417969
1760,(05-29) 21:55:05,60.87419128417969
1761,(05-29) 21:55:09,60.87419128417969
1762,(05-29) 21:55:13,60.74523162841797
1763,(05-29) 21:55:17,60.74523162841797
1764,(05-29) 21:55:21,60.74523162841797
1765,(05-29) 21:55:24,60.74523162841797
1766,(05-29) 21:55:28,60.74523162841797
1767,(05-29) 21:55:32,60.74523162841797
1768,(05-29) 21:55:36,60.74523162841797
1769,(05-29) 21:55:40,60.74523162841797
1770,(05-29) 21:55:44,60.74523162841797
1771,(05-29) 21:55:48,60.74523162841797
1772,(05-29) 21:55:52,60.74523162841797
1773,(05-29) 21:55:56,60.74523162841797
1774,(05-29) 21:56:00,60.74523162841797
1775,(05-29) 21:56:04,60.74523162841797
1776,(05-29) 21:56:08,60.74523162841797
1777,(05-29) 21:56:12,60.90397262573242
1778,(05-29) 21:56:16,60.90397262573242
1779,(05-29) 21:56:20,60.90397262573242
1780,(05-29) 21:56:24,60.90397262573242
1781,(05-29) 21:56:28,60.90397262573242
1782,(05-29) 21:56:32,60.90397262573242
1783,(05-29) 21:56:36,60.90397262573242
1784,(05-29) 21:56:40,60.90397262573242
1785,(05-29) 21:56:44,60.90397262573242
1786,(05-29) 21:56:48,60.90397262573242
1787,(05-29) 21:56:52,60.90397262573242
1788,(05-29) 21:56:56,60.90397262573242
1789,(05-29) 21:57:00,60.90397262573242
1790,(05-29) 21:57:04,60.90397262573242
1791,(05-29) 21:57:08,60.90397262573242
1792,(05-29) 21:57:12,61.56926727294922
1793,(05-29) 21:57:16,61.56926727294922
1794,(05-29) 21:57:20,61.56926727294922
1795,(05-29) 21:57:24,61.56926727294922
1796,(05-29) 21:57:28,61.56926727294922
1797,(05-29) 21:57:32,61.56926727294922
1798,(05-29) 21:57:37,61.56926727294922
1799,(05-29) 21:57:40,61.56926727294922
1800,(05-29) 21:57:45,61.56926727294922
1801,(05-29) 21:57:49,61.56926727294922
1802,(05-29) 21:57:53,61.56926727294922
1803,(05-29) 21:57:57,61.56926727294922
1804,(05-29) 21:58:01,61.56926727294922
1805,(05-29) 21:58:05,61.56926727294922
1806,(05-29) 21:58:09,61.56926727294922
1807,(05-29) 21:58:13,60.8802235921224
1808,(05-29) 21:58:17,60.8802235921224
1809,(05-29) 21:58:21,60.8802235921224
1810,(05-29) 21:58:25,60.8802235921224
1811,(05-29) 21:58:28,60.8802235921224
1812,(05-29) 21:58:32,60.8802235921224
1813,(05-29) 21:58:36,60.8802235921224
1814,(05-29) 21:58:40,60.8802235921224
1815,(05-29) 21:58:44,60.8802235921224
1816,(05-29) 21:58:48,60.8802235921224
1817,(05-29) 21:58:52,60.8802235921224
1818,(05-29) 21:58:56,60.8802235921224
1819,(05-29) 21:59:00,60.8802235921224
1820,(05-29) 21:59:04,60.8802235921224
1821,(05-29) 21:59:08,60.8802235921224
1822,(05-29) 21:59:12,60.96178309122721
1823,(05-29) 21:59:16,60.96178309122721
1824,(05-29) 21:59:20,60.96178309122721
1825,(05-29) 21:59:24,60.96178309122721
1826,(05-29) 21:59:28,60.96178309122721
1827,(05-29) 21:59:32,60.96178309122721
1828,(05-29) 21:59:36,60.96178309122721
1829,(05-29) 21:59:40,60.96178309122721
1830,(05-29) 21:59:44,60.96178309122721
1831,(05-29) 21:59:48,60.96178309122721
1832,(05-29) 21:59:52,60.96178309122721
1833,(05-29) 21:59:56,60.96178309122721
1834,(05-29) 22:00:00,60.96178309122721
1835,(05-29) 22:00:06,60.96178309122721
1836,(05-29) 22:00:16,60.96178309122721
1837,(05-29) 22:00:50,60.96178309122721
1838,(05-29) 22:00:50,60.96178309122721
1839,(05-29) 22:00:51,60.96178309122721
1840,(05-29) 22:00:52,60.96178309122721
1841,(05-29) 22:00:53,60.96178309122721
1842,(05-29) 22:00:54,60.96178309122721
1843,(05-29) 22:00:55,60.96178309122721
1844,(05-29) 22:00:56,60.96178309122721
1845,(05-29) 22:00:58,60.96178309122721
1846,(05-29) 22:01:02,60.96178309122721
1847,(05-29) 22:01:06,60.96178309122721
1848,(05-29) 22:01:10,61.40151850382487
1849,(05-29) 22:01:15,61.40151850382487
1850,(05-29) 22:01:19,61.40151850382487
1851,(05-29) 22:01:23,61.40151850382487
1852,(05-29) 22:01:27,61.40151850382487
1853,(05-29) 22:01:31,61.40151850382487
1854,(05-29) 22:01:35,61.40151850382487
1855,(05-29) 22:01:39,61.40151850382487
1856,(05-29) 22:01:42,61.40151850382487
1857,(05-29) 22:01:46,61.40151850382487
1858,(05-29) 22:01:50,61.40151850382487
1859,(05-29) 22:01:54,61.40151850382487
1860,(05-29) 22:01:58,61.40151850382487
1861,(05-29) 22:02:03,61.40151850382487
1862,(05-29) 22:02:06,61.40151850382487
1863,(05-29) 22:02:10,61.40151850382487
1864,(05-29) 22:02:15,61.40151850382487
1865,(05-29) 22:02:23,60.930535634358726
1866,(05-29) 22:02:23,60.930535634358726
1867,(05-29) 22:02:27,60.930535634358726
1868,(05-29) 22:02:31,60.930535634358726
1869,(05-29) 22:02:36,60.930535634358726
1870,(05-29) 22:02:39,60.930535634358726
1871,(05-29) 22:02:42,60.930535634358726
1872,(05-29) 22:02:46,60.930535634358726
1873,(05-29) 22:02:50,60.930535634358726
1874,(05-29) 22:02:54,60.930535634358726
1875,(05-29) 22:02:58,60.930535634358726
1876,(05-29) 22:03:02,60.930535634358726
1877,(05-29) 22:03:06,60.930535634358726
1878,(05-29) 22:03:10,60.930535634358726
1879,(05-29) 22:03:14,60.889034271240234
1880,(05-29) 22:03:18,60.889034271240234
1881,(05-29) 22:03:22,60.889034271240234
1882,(05-29) 22:03:26,60.889034271240234
1883,(05-29) 22:03:30,60.889034271240234
1884,(05-29) 22:03:34,60.889034271240234
1885,(05-29) 22:03:38,60.889034271240234
1886,(05-29) 22:03:42,60.889034271240234
1887,(05-29) 22:03:46,60.889034271240234
1888,(05-29) 22:03:50,60.889034271240234
1889,(05-29) 22:06:05,60.73283259073893
1890,(05-29) 22:06:06,60.73283259073893
1891,(05-29) 22:06:07,60.73283259073893
1892,(05-29) 22:06:08,60.73283259073893
1893,(05-29) 22:06:09,60.73283259073893
1894,(05-29) 22:06:10,60.73283259073893
1895,(05-29) 22:06:11,60.73283259073893
1896,(05-29) 22:06:13,60.73283259073893
1897,(05-29) 22:06:17,60.73283259073893
1898,(05-29) 22:06:21,60.73283259073893
1899,(05-29) 22:06:25,60.73283259073893
1900,(05-29) 22:06:29,60.73283259073893
1901,(05-29) 22:06:33,60.73283259073893
1902,(05-29) 22:06:37,60.73283259073893
1903,(05-29) 22:06:41,60.73283259073893
1904,(05-29) 22:06:45,60.73283259073893
1905,(05-29) 22:06:49,60.73283259073893
1906,(05-29) 22:06:53,60.73283259073893
1907,(05-29) 22:06:57,60.73283259073893
1908,(05-29) 22:07:01,60.73283259073893
1909,(05-29) 22:07:05,60.73283259073893
1910,(05-29) 22:07:09,60.73283259073893
1911,(05-29) 22:07:13,60.77327219645182
1912,(05-29) 22:07:17,60.77327219645182
1913,(05-29) 22:07:21,60.77327219645182
1914,(05-29) 22:07:25,60.77327219645182
1915,(05-29) 22:07:29,60.77327219645182
1916,(05-29) 22:07:33,60.77327219645182
1917,(05-29) 22:07:37,60.77327219645182
1918,(05-29) 22:07:41,60.77327219645182
1919,(05-29) 22:07:45,60.77327219645182
1920,(05-29) 22:07:49,60.77327219645182
1921,(05-29) 22:07:53,60.77327219645182
1922,(05-29) 22:07:57,60.77327219645182
1923,(05-29) 22:08:01,60.77327219645182
1924,(05-29) 22:08:05,60.77327219645182
1925,(05-29) 22:08:09,60.77327219645182
1926,(05-29) 22:08:13,60.79542541503906
1927,(05-29) 22:08:18,60.79542541503906
1928,(05-29) 22:08:22,60.79542541503906
1929,(05-29) 22:08:26,60.79542541503906
1930,(05-29) 22:08:30,60.79542541503906
1931,(05-29) 22:08:34,60.79542541503906
1932,(05-29) 22:08:38,60.79542541503906
1933,(05-29) 22:08:42,60.79542541503906
1934,(05-29) 22:08:46,60.79542541503906
1935,(05-29) 22:08:50,60.79542541503906
1936,(05-29) 22:08:54,60.79542541503906
1937,(05-29) 22:08:58,60.79542541503906
1938,(05-29) 22:09:02,60.79542541503906
1939,(05-29) 22:09:06,60.79542541503906
1940,(05-29) 22:09:10,60.79542541503906
1941,(05-29) 22:09:14,61.368707021077476
1942,(05-29) 22:09:18,61.368707021077476
1943,(05-29) 22:09:22,61.368707021077476
1944,(05-29) 22:09:26,61.368707021077476
1945,(05-29) 22:09:30,61.368707021077476
1946,(05-29) 22:09:34,61.368707021077476
1947,(05-29) 22:09:38,61.368707021077476
1948,(05-29) 22:09:41,61.368707021077476
1949,(05-29) 22:09:45,61.368707021077476
1950,(05-29) 22:09:49,61.368707021077476
1951,(05-29) 22:09:53,61.368707021077476
1952,(05-29) 22:09:57,61.368707021077476
1953,(05-29) 22:10:01,61.368707021077476
1954,(05-29) 22:10:05,61.368707021077476
1955,(05-29) 22:10:10,61.368707021077476
1956,(05-29) 22:10:13,60.98051961263021
1957,(05-29) 22:10:17,60.98051961263021
1958,(05-29) 22:10:21,60.98051961263021
1959,(05-29) 22:10:25,60.98051961263021
1960,(05-29) 22:10:29,60.98051961263021
1961,(05-29) 22:10:33,60.98051961263021
1962,(05-29) 22:10:37,60.98051961263021
1963,(05-29) 22:10:41,60.98051961263021
1964,(05-29) 22:10:45,60.98051961263021
1965,(05-29) 22:10:49,60.98051961263021
1966,(05-29) 22:10:53,60.98051961263021
1967,(05-29) 22:10:57,60.98051961263021
1968,(05-29) 22:11:01,60.98051961263021
1969,(05-29) 22:11:05,60.98051961263021
1970,(05-29) 22:11:09,60.98051961263021
1971,(05-29) 22:11:13,60.71330769856771
1972,(05-29) 22:11:17,60.71330769856771
1973,(05-29) 22:11:21,60.71330769856771
1974,(05-29) 22:11:25,60.71330769856771
1975,(05-29) 22:11:30,60.71330769856771
1976,(05-29) 22:11:34,60.71330769856771
1977,(05-29) 22:11:38,60.71330769856771
1978,(05-29) 22:11:42,60.71330769856771
1979,(05-29) 22:11:46,60.71330769856771
1980,(05-29) 22:11:50,60.71330769856771
1981,(05-29) 22:11:54,60.71330769856771
1982,(05-29) 22:11:58,60.71330769856771
1983,(05-29) 22:12:02,60.71330769856771
1984,(05-29) 22:12:06,60.71330769856771
1985,(05-29) 22:12:10,60.71330769856771
1986,(05-29) 22:12:14,61.953973134358726
1987,(05-29) 22:12:18,61.953973134358726
1988,(05-29) 22:12:22,61.953973134358726
1989,(05-29) 22:12:25,61.953973134358726
1990,(05-29) 22:12:30,61.953973134358726
1991,(05-29) 22:12:34,61.953973134358726
1992,(05-29) 22:12:38,61.953973134358726
1993,(05-29) 22:12:42,61.953973134358726
1994,(05-29) 22:12:45,61.953973134358726
1995,(05-29) 22:12:50,61.953973134358726
1996,(05-29) 22:12:53,61.953973134358726
1997,(05-29) 22:12:57,61.953973134358726
1998,(05-29) 22:13:01,61.953973134358726
1999,(05-29) 22:13:05,61.953973134358726
2000,(05-29) 22:13:09,60.835731506347656
2001,(05-29) 22:13:13,60.835731506347656
2002,(05-29) 22:13:17,60.835731506347656
2003,(05-29) 22:13:21,60.835731506347656
2004,(05-29) 22:13:25,60.835731506347656
2005,(05-29) 22:13:29,60.835731506347656
2006,(05-29) 22:13:33,60.835731506347656
2007,(05-29) 22:13:37,60.835731506347656
2008,(05-29) 22:13:41,60.835731506347656
2009,(05-29) 22:13:45,60.835731506347656
2010,(05-29) 22:13:49,60.835731506347656
2011,(05-29) 22:13:53,60.835731506347656
2012,(05-29) 22:13:57,60.835731506347656
2013,(05-29) 22:14:01,60.835731506347656
2014,(05-29) 22:14:05,60.835731506347656
2015,(05-29) 22:14:09,60.835731506347656
2016,(05-29) 22:14:13,60.648049672444664
2017,(05-29) 22:14:17,60.648049672444664
2018,(05-29) 22:14:21,60.648049672444664
2019,(05-29) 22:14:25,60.648049672444664
2020,(05-29) 22:14:29,60.648049672444664
2021,(05-29) 22:14:33,60.648049672444664
2022,(05-29) 22:14:38,60.648049672444664
2023,(05-29) 22:14:41,60.648049672444664
2024,(05-29) 22:14:46,60.648049672444664
2025,(05-29) 22:14:50,60.648049672444664
2026,(05-29) 22:14:53,60.648049672444664
2027,(05-29) 22:14:58,60.648049672444664
2028,(05-29) 22:15:02,60.648049672444664
2029,(05-29) 22:15:06,60.648049672444664
2030,(05-29) 22:15:10,60.648049672444664
2031,(05-29) 22:15:14,60.69062169392904
2032,(05-29) 22:15:18,60.69062169392904
2033,(05-29) 22:15:22,60.69062169392904
2034,(05-29) 22:15:26,60.69062169392904
2035,(05-29) 22:15:30,60.69062169392904
2036,(05-29) 22:15:34,60.69062169392904
2037,(05-29) 22:15:38,60.69062169392904
2038,(05-29) 22:15:42,60.69062169392904
2039,(05-29) 22:15:46,60.69062169392904
2040,(05-29) 22:15:50,60.69062169392904
2041,(05-29) 22:15:54,60.69062169392904
2042,(05-29) 22:15:58,60.69062169392904
2043,(05-29) 22:16:02,60.69062169392904
2044,(05-29) 22:16:06,60.69062169392904
2045,(05-29) 22:16:09,60.69062169392904
2046,(05-29) 22:16:28,60.411746978759766
2047,(05-29) 22:16:29,60.411746978759766
2048,(05-29) 22:16:30,60.411746978759766
2049,(05-29) 22:16:30,60.411746978759766
2050,(05-29) 22:16:31,60.411746978759766
2051,(05-29) 22:16:32,60.411746978759766
2052,(05-29) 22:16:37,60.411746978759766
2053,(05-29) 22:16:40,60.411746978759766
2054,(05-30) 09:52:18,107.12269083658855
2055,(05-30) 09:52:18,107.12269083658855
2056,(05-30) 09:52:19,107.12269083658855
2057,(05-30) 09:52:20,107.12269083658855
2058,(05-30) 09:52:21,107.12269083658855
2059,(05-30) 09:52:22,107.12269083658855
2060,(05-30) 09:52:23,107.12269083658855
2061,(05-30) 09:52:26,107.12269083658855
2062,(05-30) 09:52:30,107.12269083658855
2063,(05-30) 09:52:34,107.12269083658855
2064,(05-30) 09:52:38,107.12269083658855
2065,(05-30) 09:52:42,107.12269083658855
2066,(05-30) 09:52:46,107.12269083658855
2067,(05-30) 09:52:50,107.12269083658855
2068,(05-30) 09:52:54,107.12269083658855
2069,(05-30) 09:52:58,107.12269083658855
2070,(05-30) 09:53:02,107.12269083658855
